[[0.28604246]]	1.6264401231114567	1027.817679598423
[[0.66851473]]	1.4728504579607642	544.6106896953246
[[0.32442852]]	1.807944627982558	1207.0900802278636
[[0.26977077]]	1.5888951505307005	927.7390937641001
[[0.44388764]]	1.5788755431156276	1081.8064544746935
[[0.19992649]]	1.5880019805181813	1110.9970863440756
[[0.38347357]]	1.5262103444319535	881.7003061900838
[[0.72034169]]	1.4943576922664132	931.2295873280872
[[0.67567827]]	1.565294490493403	923.7041527967904
[[0.37146818]]	1.5305001819553943	709.079454130974
[[0.25203227]]	1.3775153258488184	916.1279645820888
[[0.12762833]]	1.6744072849787568	1188.7837203055324
[[0.32096021]]	1.7799118224114392	1428.338044272863
[[0.24419805]]	1.7133809550847796	1213.4328138539217
[[0.25527489]]	2.049252201742203	1410.1512825007148
[[0.17574333]]	1.8514197251537714	1185.790000166911
[[0.21630207]]	2.045494146783868	1352.0387447195849
[[0.2340215]]	1.952960235507831	1459.7377063897334
[[0.19984925]]	1.6796371043602367	1159.5463981969824
[[0.11406012]]	1.581790984854605	946.471249432023
[[0.21968309]]	1.8597597235515912	1019.0517795377683
[[0.19674452]]	1.5767746274886958	835.9338613202934
[[0.21163052]]	1.7466342176682743	717.5588906809148
[[0.13392046]]	1.4611774561619295	594.3803320730358
[[0.17110253]]	1.454414080721219	519.170346289037
[[0.20212146]]	1.4978947953138946	559.8129417996146
[[0.20123193]]	1.7971891383559127	562.5291816615788
[[0.21192774]]	1.7975673780677133	696.9063610414848
[[0.214688]]	1.8619467729742796	668.8235026321101
[[0.21487598]]	1.8306951849052147	640.2389255127722
[[0.20725585]]	1.7283382759652883	622.3008530804898
[[0.19946671]]	1.8294556072358485	617.2053564046361
[[0.19587085]]	1.6069944824825029	529.6145351370982
[[0.18987708]]	1.5791564141887469	512.9946354008438
[[0.21181007]]	1.583699035677995	542.8714747733645
[[0.18498047]]	1.5870676160816048	768.7633613447827
[[0.19020675]]	1.6882561013573552	573.3668625580807
[[0.19521007]]	1.947093775027281	638.2910253377997
[[0.19442529]]	1.8836936839289904	628.4855541809019
[[0.19934048]]	1.6905292845758	590.4931996383226
[[0.20207905]]	1.894089658582043	661.1094353240995
[[0.20423827]]	1.799213282556192	632.3387761615046
[[0.19533746]]	1.6600678804591105	594.2616833715715
[[0.18077877]]	1.6656665771832868	590.3949558548492
[[0.16935636]]	1.578379337553117	743.6401184643609
[[0.18878608]]	1.6537220666804369	620.1947832868525
[[0.19574213]]	1.8297776727330253	606.1786245608815
[[0.20218173]]	1.8567581480168573	627.7068022824083
[[0.19954422]]	1.5969692576459675	563.0624495146442
[[0.20064059]]	1.7040017337164184	572.1617769516472
[[0.20558042]]	1.7204252015986095	602.8378131649182
[[0.18464281]]	1.622614659095573	569.2081621679329
[[0.15841872]]	1.5590966021465722	754.0648607502359
[[0.18102773]]	1.7497069472081985	707.0258014740209
[[0.15163106]]	1.3874806315230883	723.4401174795148
[[0.1362838]]	1.428873537805578	550.2920973790801
[[0.17732078]]	1.5557411290597079	487.38242092406267
[[0.17976906]]	1.747100463649652	563.405407461123
[[0.19469981]]	1.8988850640370984	705.5085368059952
[[0.19039316]]	1.9866329322271838	713.6262827508909
[[0.18985849]]	1.5303897059999674	494.66170855978936
[[0.15761166]]	1.6951074830676431	580.2861136969443
[[0.18501075]]	1.7908058751008233	714.1263896310486
[[0.14794517]]	1.810371354054308	735.1663600248787
[[0.18499868]]	1.8117083003623555	688.6193483724861
[[0.13832144]]	1.6299641188421925	754.811129431216
[[0.15439992]]	1.6749390675438625	614.5500991593437
[[0.2011624]]	1.657581235225095	530.1788592752566
[[0.19600372]]	1.8978963978597188	653.9352792388969
[[0.19834236]]	1.7923544109506206	658.5313972850806
[[0.19354984]]	1.866732816060231	597.8108016037486
[[0.19139042]]	1.8672383839918456	657.8542185673098
[[0.19239319]]	1.7185808148851267	636.5955026136502
[[0.19078296]]	1.8141818382796253	648.1171525678118
[[0.19334028]]	1.791472475781026	673.2397700494776
[[0.19915369]]	1.7957829105164957	696.1596919989611
[[0.21309794]]	1.9212461464050297	760.1048466688135
[[0.18204518]]	1.6940588977279982	506.0862826493975
[[0.18717218]]	1.7728039117877021	587.7604214591443
[[0.18992357]]	1.9442775744008056	646.9236781339372
[[0.19085694]]	1.9649702825944089	629.77531725116
[[0.19048868]]	1.5932636319546147	480.3927344153718
[[0.17261233]]	1.4521334076074908	473.2088724024595
[[0.1603166]]	1.3284078274246542	518.3844412305942
[[0.14797588]]	1.3469921300960426	548.7837526251749
[[0.18593961]]	1.6744634591933807	593.0481809595227
[[0.1956817]]	1.7245427715305373	585.8048580636023
[[0.1993168]]	1.5920671211831268	571.7241684524438
[[0.19761563]]	1.554553980657324	538.4131698643749
[[0.19115358]]	1.9520726829167743	733.5216378031084
[[0.16696721]]	1.4583612555354541	424.98933032338664
[[0.16813175]]	1.343730280700218	499.7457093710825
[[0.16924966]]	1.386598696353494	492.0271085458577
[[0.1929396]]	1.3145402863078481	449.4804082649636
[[0.17682078]]	1.5196697933759171	519.6368347291639
[[0.19720206]]	1.36743579927148	497.9269660973432
[[0.18464328]]	1.372764859765462	537.9300030832135
[[0.17250075]]	1.6105091158441347	602.9666057995853
[[0.15993464]]	2.1129406538088964	804.4522362337384
[[0.15580583]]	1.8896032113074186	812.532356141576
[[0.15522209]]	1.9184917374146406	735.3926530073284
[[0.16476364]]	2.0722911196332623	876.3781872199987
[[0.23793286]]	4.023524934278321	1903.035823055967
[[0.19273041]]	1.8342566301123664	686.0734243297971
[[0.14130005]]	1.7273421198926255	697.1291670802889
[[0.15425277]]	1.618573860590298	703.3995347720105
[[0.14582705]]	1.7363243768109782	703.2409823007614
[[0.15015612]]	1.760376303039087	704.5023689213333
[[0.15823053]]	1.9647380958406304	785.327538123133
[[0.17292627]]	1.9023173085506153	775.6484702477147
[[0.2036682]]	2.736744072363755	1404.5751674386947
[[0.17209008]]	1.769656283294946	641.6856923241396
[[0.19670835]]	1.5230720783083014	591.2814989831857
[[0.18276819]]	1.6796726813628318	660.4164899511363
[[0.20350568]]	1.4076696442588976	586.199336838142
[[0.15019338]]	2.294903914766092	1026.027494103291
[[0.17223343]]	1.7549891958566606	613.083297256611
[[0.12563068]]	2.4613237705368705	1359.077077108128
[[0.17517261]]	1.7774513918109147	664.9384096721735
[[0.29101129]]	3.315321630724957	1665.5071501420227
[[0.19733163]]	2.973098952867398	1352.9218957946398
[[0.17429451]]	1.7433648783771665	614.7330230426637
[[0.13256526]]	1.230896880732945	433.5874598703148
[[0.17650831]]	2.548934948138038	1025.213812338123
[[0.18936116]]	3.136919814974913	1387.711354407078
[[0.17892674]]	3.287238268360677	1399.0866546034572
[[0.1573392]]	1.4823719873395058	502.01023275871904
[[0.15677756]]	1.6590380198576733	475.65911049974534
[[0.15743853]]	1.7174254985376962	543.5571397934244
[[0.15275691]]	1.5214186839245396	502.636613701076
[[0.15513888]]	1.658820812894461	518.0981259559109
[[0.154527]]	1.616446730329875	570.14303572165
[[0.15537435]]	1.4457201847712686	491.1988160773417
[[0.15241906]]	1.6319901355162925	522.1525523625664
[[0.17788397]]	1.4704368392057598	573.5877369104553
[[0.18127201]]	1.4555469273827997	518.1520976642103
[[0.16164476]]	1.5973456248839473	462.99720375389603
[[0.14923119]]	1.6806332604328995	537.2446743546585
[[0.15574625]]	1.476722733822168	432.5634953123233
[[0.15627104]]	1.5763065090334971	447.1448479677223
[[0.15524321]]	1.6276553586211526	496.99880602963344
[[0.15104359]]	1.5590760049345436	649.0592711509603
[[0.14782184]]	1.4810799804031574	428.07662087596725
[[0.13091015]]	1.4425201270115302	472.924086013703
[[0.21068863]]	3.0926002321105215	1269.1886972667874
[[0.167838]]	2.603090635983065	1010.1433290460128
[[0.16243204]]	2.5981304528317795	1001.9684531092474
[[0.16674064]]	2.7197663522306086	1152.6339297073753
[[0.16211831]]	2.886551340396442	1158.6319211084215
[[0.16109275]]	2.8258869335503323	1117.1696475904885
[[0.16629205]]	2.8277425551067403	1231.5511823814004
[[0.16411755]]	2.9131067641229538	1213.8056239734615
[[0.16086598]]	2.6917017146045366	1087.5642483641006
[[0.16390318]]	2.8084392224881665	1195.0685229605613
[[0.16549264]]	2.969867063052706	1324.8053065520055
[[0.16228047]]	2.904435337858853	1164.456049909651
[[0.17521922]]	3.0441986563167966	1365.9873272683205
[[0.16453926]]	2.723614285932342	1089.9528138712362
[[0.1785834]]	2.847553328130749	1091.3834831412796
[[0.20234387]]	2.633488375989847	1138.7513070268444
[[0.20551915]]	3.0246930965255774	1277.3530115780811
[[0.18122576]]	2.7713193014647306	1114.6175711633275
[[0.17678351]]	2.6300055746831688	1078.215103972528
[[0.18051116]]	2.733442901017694	1049.1930619612478
[[0.17576395]]	2.833682042066301	1125.7232686343746
[[0.17034102]]	2.69267540099135	1089.9613790217563
[[0.1763023]]	2.7687671196469874	1053.371630813086
[[0.17098556]]	2.642826402934151	982.1651094237051
[[0.17521199]]	2.529215926331248	1004.118932905367
[[0.16394599]]	2.6020233259052117	968.0288808860935
[[0.16942665]]	2.480400533823128	869.9808663627139
[[0.16700786]]	2.3522577878970363	881.7561767752112
[[0.16685363]]	2.658261204638962	1063.7782732794549
[[0.16198932]]	2.587399305364804	968.5412539624471
[[0.15513053]]	2.479814449517219	972.58307338101
[[0.15304927]]	2.5710732061212944	1071.336134284398
[[0.15930053]]	2.4506993540776807	883.044748242325
[[0.16192823]]	2.4522272927154494	938.0972842002377
[[0.16180222]]	2.4879672005329594	894.6527458116108
[[0.15595574]]	2.322242032549696	827.7788243711182
[[0.15768814]]	2.371188498225272	895.5806934897801
[[0.1637362]]	2.6802103427663186	1062.3144368406383
[[0.15822048]]	2.6850375802763278	1038.0905397538822
[[0.15769541]]	2.613542784850741	1070.0307359928997
[[0.15952418]]	2.65717142487526	1064.2823566083289
[[0.15485802]]	2.504488037053832	931.9744270328766
[[0.15958661]]	2.542143485590015	980.2931619937256
[[0.16590055]]	2.45566889959807	867.5369367312486
[[0.16405768]]	2.7166655355833726	1066.9214473694224
[[0.16789713]]	2.395848978445139	889.7086496797963
[[0.16100877]]	2.5694497713186655	946.9474420753307
[[0.1645484]]	2.526523308976945	911.2043091518129
[[0.15936681]]	2.4397603620165977	956.4071794003897
[[0.18132148]]	2.6090563375761167	947.0002235134255
[[0.19874652]]	3.365088239934041	1503.5640543136767
[[0.18743861]]	3.0651535108453114	1398.4801553072446
[[0.17363222]]	2.7844415980008606	1136.4145320049254
[[0.16687106]]	2.7692951572644517	1109.9685486218088
[[0.16800775]]	2.560503091402908	1032.090684462473
[[0.16252414]]	2.641257269872325	1026.8544594277198
[[0.15994318]]	2.5602166029083264	958.2059132904984
[[0.16629033]]	2.4838327783366445	976.7371327697299
[[0.17901054]]	2.552869015635528	948.5839969905743
[[0.17372296]]	2.7464565940722174	1077.421712246688
[[0.19300388]]	3.056558856007863	1296.2831283152636
[[0.17241246]]	2.892354136767085	1265.6436911244616
[[0.17237008]]	2.991211392135946	1242.7846187635662
[[0.16436646]]	2.4090405565126383	989.7554696706065
[[0.16550731]]	2.589618186842446	1035.572140561319
[[0.16240654]]	2.445085677562938	954.9791890209673
[[0.16292223]]	2.5510882930319516	1091.715989348767
[[0.16643479]]	2.8085871479200093	1115.4565705775383
[[0.17740108]]	2.8939045450907033	1163.0564370665106
[[0.17655458]]	2.9725709152499338	1203.0621452541923
[[0.19590717]]	3.210648471668708	1216.4759323369065
[[0.18449499]]	3.0788656366349914	1260.2057967845
[[0.18125391]]	2.941991545282534	1190.3483102319626
[[0.19108724]]	3.317954328916995	1342.3002451210823
[[0.16702691]]	2.451783516419921	986.3504577466165
[[0.16276513]]	2.0948282145403483	750.9467021014696
[[0.16642915]]	2.322257012340262	834.3787525493947
[[0.17832865]]	2.5613981338892478	975.565473236651
[[0.1680559]]	2.5034282168712623	940.9849407636141
[[0.18179723]]	2.996031139750672	1118.0789793939216
[[0.17287266]]	2.910477810878558	1126.021746345272
[[0.17772635]]	2.878698185192029	1151.0109022570075
[[0.19366032]]	3.180115913546828	1322.437450589088
[[0.18109977]]	3.009567253001197	1186.623373555693
[[0.18047596]]	2.8783349252707944	1134.5057820443146
[[0.17174261]]	2.646895288546738	1025.7872351599465
[[0.15800673]]	2.3067622914731856	965.5492202778291
[[0.16785191]]	2.1728785408125373	910.1416751850635
[[0.17702008]]	2.3555683216122016	980.676805781919
[[0.17526955]]	2.0661662577654423	859.5476693132458
[[0.17201255]]	2.40296625143798	1089.731113856364
[[0.17255354]]	2.277132265732929	981.1402413980098
[[0.16554058]]	1.5536252336422098	631.6531665528935
[[0.17766376]]	1.4121897960622964	550.8806609686272
[[0.18292116]]	1.574025835919769	619.1636400707322
[[0.18662606]]	1.6052268671956726	645.0874804198831
[[0.18940013]]	1.5155334987057816	642.484668522071
[[0.17658053]]	1.8951120292881969	783.4489797700171
[[0.1731154]]	1.8510021634917342	727.9264195122526
[[0.18273828]]	2.090366109425394	855.2354421998182
[[0.17982125]]	2.1448850571916553	871.3594383684489
[[0.19591023]]	2.3399425275776693	986.1398169326085
[[0.1841063]]	1.8951831832933872	830.3241250952352
[[0.1804565]]	2.244581180832232	918.7713600205537
[[0.17587381]]	2.0564499911093383	819.2180865454098
[[0.17798183]]	1.430049451365037	515.158307079752
[[0.17115899]]	1.928578753887262	756.22262600872
[[0.15313948]]	1.2353252813191247	478.5103993049405
[[0.17048771]]	2.2923180284195745	918.9501221116623
[[0.18402862]]	2.266880471564077	909.8471609167746
[[0.19581248]]	2.468369889524521	970.4149343295305
[[0.19393446]]	2.179368535075412	860.556413437164
[[0.19354999]]	2.1601850407813696	838.5147408747029
[[0.18934755]]	2.141795475387344	800.4146693570938
[[0.16772297]]	1.6012441153788421	604.5171818590964
[[0.1778932]]	1.3890310398467065	369.4568202667069
[[0.17111039]]	1.280489349876695	409.3950748643183
[[0.17355173]]	1.8490847502992402	712.5273228704065
[[0.17390262]]	2.1117759750923617	803.8635847746548
[[0.18698841]]	1.8459352493326635	720.1456225748258
[[0.18680751]]	1.7827205331426315	717.5138873979496
[[0.1804542]]	1.8328672545373366	710.6675062156448
[[0.18846225]]	1.9007125984861941	722.8808742354524
[[0.17570044]]	1.8064429039782806	735.8304447934321
[[0.17788989]]	1.9101236519095088	778.3400134109658
[[0.1696536]]	2.496232299977948	1090.503238393379
[[0.17318288]]	2.1865082777541027	829.5326847888447
[[0.17579843]]	1.9122994664892723	683.277368634691
[[0.16617927]]	2.2387128478778613	908.9516806973713
[[0.16633594]]	2.0306173422776532	854.7683222193457
[[0.16188882]]	2.1282668520321013	870.6060255653014
[[0.16207517]]	2.0953356549457838	873.0097526355248
[[0.16341315]]	1.9951208560568465	835.1735237503029
[[0.16210096]]	2.0180043586207796	828.9597205221792
[[0.16358608]]	1.962998567661112	810.7298144920627
[[0.16238429]]	1.940405298539402	842.2611497738202
[[0.16943463]]	1.8135770292355087	769.3863404895003
[[0.1630827]]	2.278806257328719	954.3808933900108
[[0.160717]]	2.131244085407165	937.1239295276646
[[0.16015112]]	2.5599937785236517	1113.41432514495
[[0.15900383]]	2.8403499213421513	1316.1449218305888
[[0.17552245]]	1.9442457423458521	742.8771303787507
[[0.16003366]]	2.1195055470246027	769.5452831580748
[[0.17566755]]	2.5281242740937246	1096.145433812461
[[0.16991218]]	2.3311606253581414	981.6653720287024
[[0.16979179]]	2.261409103059715	880.9960623518763
[[0.16941269]]	2.177441759513814	843.3367311939775
[[0.17532378]]	1.827772253270954	712.8262181406377
[[0.17632098]]	1.8872626190314252	645.6699610755596
[[0.17338265]]	2.0228409584998928	731.7163788440753
[[0.17025153]]	1.9055604332082319	748.4588706737197
[[0.18495921]]	2.169725294898319	887.2385160795966
[[0.17024779]]	2.1899966964822433	907.210922758901
[[0.20438494]]	2.879883461120592	1235.980191296851
[[0.17661258]]	2.449029107429532	978.8842950403395
[[0.17457955]]	2.518821824152016	990.7304938345702
[[0.17480092]]	2.171908599373366	880.4639262698288
[[0.17281196]]	2.2448732867482764	856.505535864252
[[0.17112773]]	2.4665067780728305	1061.631897433045
[[0.17139596]]	2.2722881759585327	982.3309099741927
[[0.17676752]]	2.259326912170991	949.0507166477477
[[0.1725361]]	2.5218346345296747	1075.6907435871576
[[0.17113744]]	2.4550566006586703	1078.2433110025092
[[0.16971395]]	2.408980637350373	996.1217276260096
[[0.16680101]]	2.425059570049538	1024.077407709488
[[0.17131147]]	2.377792713391215	1039.5770996419512
[[0.16874386]]	2.458305342737749	1048.5723020684486
[[0.16700173]]	2.4110740630820215	991.8450036839155
[[0.16455021]]	2.188639152962167	918.3002023501491
[[0.17276356]]	2.207594205450073	892.4593963731495
[[0.19173834]]	2.138662826685154	748.6458429760169
[[0.18133604]]	2.1379475416856106	818.1981772087753
[[0.19282374]]	2.7142912387786047	1056.4143106987265
[[0.18302579]]	2.5575801597686474	949.1593724866246
[[0.18236627]]	2.553131161970439	1065.3428710861256
[[0.18590356]]	2.7436179237598926	1135.1567441160557
[[0.18018404]]	2.7211632177009215	1086.7319705630832
[[0.16906764]]	2.0487035669127103	788.7754213809367
[[0.13546416]]	1.438625381464277	572.0853756639051
[[0.15850463]]	1.6849287153778028	557.2141079332467
[[0.18072325]]	1.7390020143747147	597.1749113339458
[[0.17116666]]	2.089051632803196	756.4612235086519
[[0.17382195]]	2.3018358128506744	891.2913469002971
[[0.1728694]]	2.3465898096414906	1005.6993816024661
[[0.17259492]]	2.3983112815194843	957.789837231295
[[0.17067729]]	2.4713508678472267	1045.9932976779703
[[0.16738912]]	2.248299913840331	970.6172415422603
[[0.19172824]]	2.9767858538205427	1337.5247783445925
[[0.14188117]]	1.5254576099559938	541.8881302246592
[[0.15904629]]	1.8066001917792274	647.9912690741361
[[0.16447789]]	1.6052718065673717	537.8317278282136
[[0.19029905]]	3.0985097594889495	1393.6474601647565
[[0.19285159]]	2.8976139157296976	1268.6881637331196
[[0.18244257]]	2.639321131941623	1029.3245792791706
[[0.18323303]]	2.622850852213912	1033.2009048980924
[[0.18626702]]	2.548148509133304	1072.579618335455
[[0.17230005]]	2.161460195453331	818.9744216390542
[[0.18400858]]	1.6518945322313412	683.5811854572704
[[0.17845183]]	1.6927631458440082	653.605994829869
[[0.18729242]]	1.634302640684974	639.8909303348962
[[0.19026488]]	1.5210423166865596	610.7914197492115
[[0.1866196]]	1.512005758027404	647.11988952313
[[0.19157686]]	1.7496863499961697	689.1531149309108
[[0.18934799]]	1.640472441924493	627.898663593716
[[0.18775474]]	1.6137035561824107	673.9364764474153
[[0.19162637]]	1.6580325014159065	636.2144198440637
[[0.18943755]]	1.6504414925464044	627.1274515935697
[[0.18951469]]	1.589181639025282	636.0056744175494
[[0.18629158]]	1.6797007684701437	665.3990469122165
[[0.19111478]]	1.68461601224973	660.8258467115126
[[0.18738613]]	1.5900785539854427	669.2128519750307
[[0.18658457]]	1.6942910844817767	668.5191863177682
[[0.16537529]]	2.208824420750335	1052.203889909969
[[0.19723479]]	2.2158349627353906	920.6788021194374
[[0.19693109]]	2.500173857370721	1054.8358015477409
[[0.18239164]]	2.176303295430771	917.8841996818629
[[0.17985056]]	1.8581606309086325	719.8025597364366
[[0.18604302]]	1.9488539004188281	753.673283399144
[[0.18529021]]	2.1262015134077648	801.4452270821511
[[0.18577378]]	1.9795081693390595	810.2577418925989
[[0.18335585]]	2.1622915738297634	850.5758062617808
[[0.17823294]]	2.157471826215038	790.5873658012251
[[0.17744003]]	2.184989701485438	863.0411964224834
[[0.17802297]]	2.328855610084743	873.4561725263603
[[0.17831771]]	2.2438771306756133	883.0944457105063
[[0.17748367]]	2.1808346820770943	904.3642722702225
[[0.18238291]]	1.7881469622752946	709.278258827538
[[0.18107408]]	1.6396672781815511	655.4139354368342
[[0.18057949]]	1.629183297258921	655.719343018317
[[0.17965242]]	1.475443834202565	614.1383418892904
[[0.19305595]]	1.435423451230718	579.3934390097149
[[0.19334856]]	1.6541564806068612	719.022211501754
[[0.20984456]]	1.8712941622876873	758.7532754913155
[[0.18482425]]	1.933928411593273	694.4516834033359
[[0.18766988]]	1.6281684164480503	652.3752720567547
[[0.16466997]]	1.4080553738659813	441.5364316829917
[[0.13933898]]	1.4212450794596598	530.8868878969723
[[0.1816061]]	2.328780711131911	990.2365790189243
[[0.17531731]]	1.9122152051673365	750.2713368702251
[[0.17409082]]	1.9036392750680964	776.8241587018233
[[0.17239387]]	1.6777945901205746	670.8771876666258
[[0.16367441]]	2.317148903757134	980.8218760163267
[[0.16910011]]	2.7963861085037105	1211.953478315404
[[0.1641617]]	2.3105952453843526	889.9314742641774
[[0.17064816]]	2.2014955582157443	780.4314723322022
[[0.17432177]]	2.187579332779597	739.3877611878717
[[0.17490118]]	2.106040587779267	718.9881799441204
[[0.17739541]]	2.4616889029319253	904.3613660681666
[[0.17758551]]	2.6749880132801223	1010.3911066033671
[[0.17684174]]	2.562482296231488	962.0567052325439
[[0.17513481]]	2.798479534235359	1073.0170893102197
[[0.16844372]]	2.7565679527045095	1143.7403258688119
[[0.16864241]]	2.671634412667079	1107.6134959964234
[[0.17067998]]	2.7003225840754754	1075.1873485423903
[[0.16921805]]	2.4785711269002113	956.4614925216329
[[0.17120958]]	2.4109467348622076	989.7731277679117
[[0.1660734]]	2.5850418608244237	1040.3971096367757
[[0.17012977]]	2.4447898266992523	899.7746887266832
[[0.1725651]]	2.616342133212829	1100.9426852667905
[[0.16988426]]	2.9531346369900837	1218.30412560867
[[0.17233619]]	2.507133842562615	956.8213476935586
[[0.17287201]]	2.5489199683474713	1015.346104331094
[[0.17434007]]	2.6756415066435797	1043.769708315449
[[0.17085185]]	2.5297889033204113	959.0581717651502
[[0.16731838]]	2.460853779607851	989.7477610012803
[[0.16862515]]	2.431484027728685	973.499116662083
[[0.17013144]]	2.5770314178190636	1042.0109417514661
[[0.16705445]]	2.4915174108971865	1038.081508212031
[[0.16551717]]	2.6759223777166987	1141.822828533255
[[0.17227769]]	2.6329753181629494	1086.4588347063516
[[0.17100545]]	2.602860321703107	1177.8712959122936
[[0.16793191]]	2.615065106067047	1064.6757745204823
[[0.17177915]]	2.6434143597138804	1163.5858940188382
[[0.17391678]]	2.651632647313349	1177.084002090106
[[0.17867516]]	2.6051447397644765	1114.8274622027309
[[0.1707375]]	2.315680884281631	970.1251601576606
[[0.1782787]]	2.540201730237851	1138.5512643583595
[[0.16736466]]	2.371358893342964	1009.3149956390005
[[0.17622522]]	1.831358040637776	735.3479015534574
[[0.168759]]	2.0386820870238167	836.6801803358397
[[0.1620715]]	2.2846970599689396	982.4242880591011
[[0.16831225]]	2.2677193398357933	963.1746992413641
[[0.17381193]]	1.8647217791766975	767.492592082412
[[0.16270381]]	2.4244528885316003	971.8078842627084
[[0.17390355]]	2.0176766757021407	775.3577711105436
[[0.17405516]]	1.6882429940406096	698.2884505748633
[[0.17669095]]	1.6607251187702092	629.2877363586896
[[0.16416718]]	2.0241292204885992	834.3298410540212
[[0.18146417]]	1.5670302737252797	614.2553342763745
[[0.16716372]]	2.0830185221525954	899.783030704072
[[0.16669023]]	2.1356181842525417	899.4441718374128
[[0.16529888]]	2.1143038147504347	932.3384025878942
[[0.16427372]]	2.2654555189864523	986.7952312482607
[[0.16912191]]	2.093197289842436	876.9433686432072
[[0.1717824]]	2.102329344666452	927.0300844591382
[[0.16680566]]	2.1899143076341283	888.1992910608946
[[0.16625205]]	2.295752145406912	976.6322814177057
[[0.1688754]]	2.2995064554176055	1015.5546131847908
[[0.17157719]]	2.3414367616866634	1024.316481622121
[[0.17058295]]	2.3018058532695416	966.1971723930071
[[0.17155151]]	2.1892851564303415	952.0078238279137
[[0.17750754]]	2.3282695257788344	997.0891036449902
[[0.17415285]]	2.312791657176145	893.6679249734923
[[0.17258049]]	2.310479152007463	933.4047775556892
[[0.18204016]]	2.529605400885973	981.4851566174865
[[0.1835927]]	2.599044220056327	1001.2664704102593
[[0.18756973]]	2.4228444335195376	954.9656302783936
[[0.18366375]]	2.7196895808039563	1072.3768108040215
[[0.18478313]]	2.710025743414834	1065.5303875008776
[[0.18651637]]	2.5434804318980624	1021.2261066242003
[[0.19194669]]	2.6186771080673603	1052.7578280518248
[[0.19644809]]	2.8355694956776625	1188.8862931553117
[[0.18838651]]	2.748192377304094	1255.233163951301
[[0.18479598]]	2.742773438066714	1156.735383680346
[[0.18401194]]	2.7160532366439725	1098.6018537096222
[[0.19448099]]	2.664934701336275	1153.1494676684147
[[0.18092342]]	2.5717192095894688	1024.0260214832317
[[0.18128535]]	2.1979172607442052	837.1127084446015
[[0.18001454]]	2.0699130778808525	858.6545329722064
[[0.18102588]]	2.1514930173052402	813.7266697254385
[[0.17627925]]	1.9335108499312357	752.0660609396045
[[0.17531545]]	1.9077718247905904	784.2645460202222
[[0.17411794]]	1.9246914982352923	764.1929294065785
[[0.17522362]]	1.9702806183501829	795.2961690667191
[[0.18160542]]	1.8484555990954532	793.2339377382372
[[0.18411141]]	2.8636097911440643	1222.6945240775972
[[0.17394768]]	2.436481660356386	998.5924561294082
[[0.19075351]]	3.128280220765766	1320.0760917826965
[[0.22968405]]	3.539198345686824	1627.784027503281
[[0.23512811]]	3.700015759785784	1893.0630240073735
[[0.21072337]]	3.3342373612626264	1650.5145503179722
[[0.19819102]]	2.7060074145954087	1180.49427627915
[[0.20346247]]	2.7699523955755505	1171.8212844447069
[[0.20005712]]	2.6094139800758884	1113.595492285723
[[0.20122887]]	2.680575475161374	1108.2558761451457
[[0.19993617]]	2.5610985380779208	1083.2340484731826
[[0.20112171]]	2.4322742116810603	1117.8640460475895
[[0.19982414]]	2.533112544352322	1101.199102464515
[[0.20134504]]	2.4703284971410726	1101.003928408911
[[0.20018363]]	2.443125197472566	1077.9046755416648
[[0.20335291]]	2.6029370931297593	1194.3697512211106
[[0.19986419]]	2.650170245259308	1164.5426222498168
[[0.19887589]]	2.47510517785792	1146.0717160139016
[[0.20112641]]	2.5335469582787464	1135.7491815868968
[[0.19998139]]	2.5150225747696235	1129.1741251731498
[[0.20204852]]	2.4865984221699584	1159.056197447845
[[0.20220698]]	2.5046734119620906	1131.9436567145294
[[0.19966858]]	2.5185428255527174	1132.6308764591818
[[0.19879594]]	2.522070566231095	1143.921319670808
[[0.19336601]]	2.575595230398514	1160.168922271596
[[0.19796395]]	2.5533970532529917	1119.1640521506274
[[0.20035551]]	2.494803602452681	1133.6384486680442
[[0.19774102]]	2.559724142293457	1143.5340761705493
[[0.19699192]]	2.522325222670723	1098.7901482283605
[[0.19479832]]	2.4544255769810626	1120.8499996941198
[[0.19706365]]	2.568785043112283	1139.9923882132423
[[0.1943679]]	2.5714926402571527	1132.8627174590813
[[0.19446004]]	2.434189752399733	1126.02934962457
[[0.19532265]]	2.539544491926752	1112.5571182732651
[[0.19303276]]	2.5395220222409023	1121.1227847347943
[[0.19418621]]	2.495262358538776	1147.7780687913914
[[0.19354853]]	2.4587397566641735	1063.5461764008592
[[0.19361201]]	2.509216033451339	1082.782865793887
[[0.19359694]]	2.3755906841779604	1086.5381061372461
[[0.1914001]]	2.4330456708952277	1067.1802600918156
[[0.18844997]]	2.4873174521171437	1080.9433140307067
[[0.18980355]]	2.3422849923274836	1065.1363606952352
[[0.18909649]]	2.449823036329549	1068.5272361540083
[[0.18991585]]	2.5046902642264777	1081.9298065919731
[[0.19006619]]	2.379107190013413	1038.1532091173053
[[0.19325917]]	2.5853526914786755	1128.2037083403095
[[0.19071265]]	2.5995666402523288	1146.3927077856736
[[0.19007044]]	2.424774954028777	1062.1761526712442
[[0.19002743]]	2.5022597932070862	1063.19990603868
[[0.18843842]]	2.4994978943214137	1054.8246265220325
[[0.19088106]]	2.4148059034068656	1056.4008447404844
[[0.19165275]]	2.501029577906824	1072.0313421896649
[[0.19088285]]	2.5063904704557594	1052.5209280532406
[[0.1928745]]	2.3614085674592604	1038.6927571862357
[[0.18763751]]	2.4535230445994394	1040.9341542881646
[[0.18246902]]	2.389589298462222	1014.7893410918418
[[0.18774363]]	2.2384132520665343	978.0569513977338
[[0.19446511]]	2.6233376954073186	1109.2353044116876
[[0.20099959]]	2.6825509350423125	1149.1434693614306
[[0.19285271]]	2.540574352528189	1119.3377139409226
[[0.198639]]	2.615138132546058	1142.3101485357904
[[0.19461386]]	2.683462829793039	1193.3188203323896
[[0.19150401]]	2.478820165918377	1117.7858636239544
[[0.19435609]]	2.684923359373259	1193.6759442426555
[[0.19206871]]	2.6395907681718174	1138.4207681879916
[[0.19362681]]	2.646874691334709	1246.2054689334682
[[0.18879705]]	2.6861442123044172	1161.7989211553536
[[0.19037304]]	2.74535557946559	1230.8710244890865
[[0.19005523]]	2.7055804905642673	1274.122803831929
[[0.19104207]]	2.652827285611016	1180.058386299603
[[0.18694083]]	2.625421758769863	1166.9180061052032
[[0.19254953]]	2.6004373405789982	1203.4266151663262
[[0.18457934]]	2.5723333810026894	1138.3196128011866
[[0.18733807]]	2.553232275556762	1152.9139549002164
[[0.18762665]]	2.4137554455933996	1123.4238784040517
[[0.17793052]]	2.443862952157959	1037.9050130505918
[[0.18742093]]	2.5515283243798383	1136.3307562201394
[[0.1810438]]	2.3760269705782053	1068.8906316279047
[[0.17993178]]	2.4153751354483872	1039.8221062268053
[[0.17983742]]	2.453607305921375	1052.0855020503006
[[0.17981783]]	2.310258200096609	1040.492242359664
[[0.18376061]]	2.3060320266830754	991.6144409588371
[[0.18103604]]	2.4212472133503997	1043.5677155289322
[[0.18111555]]	2.290522326025432	1018.2767173783607
[[0.17814839]]	2.485388804081725	1084.8497716909462
[[0.18189869]]	2.425224347745768	1065.1632587563545
[[0.18096388]]	2.3822772881920184	1100.4554982586262
[[0.18075642]]	2.4796384369780644	1079.359609426064
[[0.18421678]]	2.4160660782882606	1043.952708921964
[[0.17637263]]	2.3254214930974055	1045.9859616896697
[[0.17562513]]	2.43309810016221	1049.0383130265648
[[0.17760147]]	2.3964912369656717	1029.4963598654194
[[0.17318663]]	2.162909490190626	969.8980510892383
[[0.17229775]]	2.2555239178409567	953.5434438704988
[[0.17529534]]	2.2993061007187805	1003.0538375677723
[[0.1814422]]	2.268080727283207	1060.072835961616
[[0.17734353]]	2.3531266157498854	1039.8145303236477
[[0.17620271]]	2.288290337231045	1005.9352913132433
[[0.17730953]]	2.1742997484425204	986.896709430616
[[0.17303886]]	2.384031796162103	1041.6330054461137
[[0.17214381]]	2.2727918714163264	980.0353401470331
[[0.17343141]]	2.2096651614958716	1022.8401326110034
[[0.16861314]]	2.3160123121479117	1030.8787768729471
[[0.16699618]]	2.373942907215661	1025.5162280213626
[[0.16644075]]	2.120494213201982	948.4342209933978
[[0.16518987]]	2.273900375918237	953.5151508707961
[[0.16808191]]	2.4309878221661743	1065.3030876354564
[[0.17150591]]	2.3044497863045037	1072.2215779906594
[[0.16960801]]	2.4322086750973324	1104.2039087482676
[[0.174784]]	2.7569855143665465	1348.1154618846836
[[0.16197047]]	2.4545173281982815	1164.0440683362115
[[0.16082596]]	2.1635217891300256	915.740315659096
[[0.16485362]]	2.5760708387489957	1152.9900413328533
[[0.21118398]]	2.0014554349925953	932.5793698066784
[[0.29480608]]	2.833723236490359	1247.2132668488775
[[0.19608366]]	2.0884561861281834	813.4132477300462
[[0.19057384]]	1.8024170852635717	731.4315166245606
[[0.20144144]]	2.059580767337707	830.8813330275829
[[0.19008436]]	1.5332115240479052	614.122822279947
[[0.18400304]]	1.567374808908306	627.0108019211694
[[0.19688887]]	1.5611806655091167	628.3842496583856
[[0.19378359]]	1.4879294896396247	596.777079639976
[[0.18162119]]	1.3770172478124871	549.8130518559329
[[0.19326395]]	1.4093717229620002	560.6456367572786
[[0.17367467]]	1.486820985137714	587.0046942166695
[[0.17461429]]	1.2960683320657076	485.88407495783093
[[0.17809015]]	1.386624910986985	490.24222882209153
[[0.1690037]]	1.3528529731551302	517.7257844932153
[[0.18157201]]	1.290881579582106	489.44795339907984
[[0.18484291]]	1.3599421590406593	496.2453019513746
[[0.19145909]]	1.3275521068885512	477.6217895487379
[[0.18938285]]	1.2539245637810792	468.2298846315427
[[0.1894325]]	1.3299788329603013	479.0918432837468
[[0.18705555]]	1.3173995538322019	491.08149600059033
[[0.19426661]]	1.2471237388639527	473.2156649540032
[[0.1954832]]	1.3228428352292523	475.8549058240133
[[0.19900261]]	1.3097579881695383	482.26305424738325
[[0.19905591]]	1.263305657623261	471.26727825419067
[[0.20565377]]	1.331158491467402	498.06507634174125
[[0.20237218]]	1.3323568747127106	486.9556228753963
[[0.20411831]]	1.265872819231571	489.9096523934747
[[0.20670018]]	1.3213916680181363	498.7043669208767
[[0.20379177]]	1.3162891768564704	500.0483242858142
[[0.18428201]]	1.2094121161131455	459.36704610122035
[[0.20246053]]	1.3313625911138685	508.9544987885242
[[0.19991699]]	1.3241872714325829	505.64831108674537
[[0.2033138]]	1.268518624740354	508.9661086404006
[[0.20390667]]	1.3076308579091154	513.2680054558992
[[0.20070637]]	1.2876309650292062	510.4164696073045
[[0.20483866]]	1.2537017393964047	505.2249126429631
[[0.19089131]]	1.4963237897782478	557.5903944209925
[[0.15890599]]	2.457138791547394	990.0467426420623
[[0.19056134]]	1.551863235776842	663.712878643854
[[0.1752306]]	2.334167818314338	980.0774623701102
[[0.18563857]]	2.7459528986144237	1126.3623755742842
[[0.18761956]]	2.420649894201566	1027.6085113209847
[[0.21835932]]	3.3500466577315966	1468.8363159907858
[[0.18831992]]	1.5441729857948379	610.3522651230601
[[0.30260189]]	4.106632812340476	1955.458915977484
[[0.24352874]]	3.796474376190207	1757.4234490461197
[[0.23367264]]	3.3268261098799203	1460.5605787534935
[[0.21807325]]	2.775277711121891	1182.6363800253762
[[0.21928825]]	2.4571163218615446	986.0823745125371
[[0.23243847]]	2.4757867583286894	950.8000232881092
[[0.25041614]]	2.933969867434249	1313.568089070767
[[0.20536988]]	2.1658979584086144	851.3677799550247
[[0.28399702]]	3.5137982383077424	1665.6944655720908
[[0.3090151]]	3.7124770730631735	1705.1226135746854
[[0.34671008]]	4.546651052910506	2305.3433341684386
[[0.16231425]]	2.166319265018293	790.1751624539104
[[0.18301572]]	2.652935889092622	1091.0000200357056
[[0.19096004]]	2.8623777033699813	1230.5142040991257
[[0.18346979]]	1.9710502050905296	726.7090538030396
[[0.16730647]]	2.4602920374616124	958.2363472893658
[[0.20267058]]	3.235750855710283	1358.3678746453354
[[0.21211332]]	3.3631595918986226	1403.8380873198764
[[0.29775397]]	3.773532826937829	1660.2354166693653
[[0.24576981]]	3.386649775980493	1520.5099249800512
[[0.24200591]]	3.469549809448541	1583.184538639848
[[0.26264049]]	4.222628820591072	2133.663803032841
[[0.34001942]]	4.594535825929691	2344.6562769999114
[[0.2534612]]	4.049063604720141	1877.5678275254554
[[0.16207586]]	1.977240603542077	726.3466842462049
[[0.25569559]]	3.7294379409319327	1689.9705319059337
[[0.30824236]]	4.729485014194371	2374.2030452308077
[[0.18200346]]	3.2803550545954354	1544.2435304943697
[[0.33858255]]	4.747500084824238	2403.631726858319
[[0.35189353]]	4.62395987954966	2450.49849215945
[[0.26364798]]	3.9478807368658524	1964.285791961951
[[0.1992745]]	3.4023036571223377	1591.3239839967
[[0.18702959]]	3.156092074426031	1369.4926221269602
[[0.13640372]]	1.6982925610368151	596.4241188579311
[[0.1522119]]	2.0542498343699043	777.0410294305711
[[0.19367631]]	3.520829377504827	1693.9255956068525
[[0.17869554]]	2.745606490957577	1212.1524902034148
[[0.18430799]]	2.8447820668759727	1259.1055101897455
[[0.17617477]]	2.7525046845133847	1206.0061892627496
[[0.17610992]]	2.310218878146373	928.7819227085963
[[0.17674721]]	2.7619419525701905	1252.5542181319684
[[0.14845219]]	1.4600502269218112	455.1438968312894
[[0.17916668]]	3.1101808888139635	1385.4997165129773
[[0.15201125]]	1.6169522982614897	524.5512538685975
[[0.13896775]]	1.51965294111153	593.8493995115526
[[0.15827001]]	1.4413385960306089	547.9244145962168
[[0.13847306]]	1.4129163159047646	651.6649585032869
[[0.6362881]]	1.222118723461059	267.5194127700421
[[0.13590909]]	1.3064849039307889	468.43237100913734
[[0.12454459]]	1.5202951996320626	914.2026727493296
[[0.15887653]]	1.9094963731795425	748.9507078244065
[[0.16330274]]	1.3463161670467356	487.728181231079
[[0.10767747]]	1.6749933692846657	651.4415150393883
[[0.12972096]]	1.5670115489870717	816.2028301447184
[[0.12100933]]	1.6941019646258764	743.571049430514
[[0.12577425]]	1.7291939965013916	649.2261131837669
[[0.13079922]]	1.8033851542289225	803.0622663057145
[[0.14965707]]	1.167088590341721	508.2734340179538
[[0.1800356]]	1.493930768235272	561.616994620028
[[0.22714695]]	1.5694251677420763	955.8856724223568
[[0.16257522]]	1.3162217677989219	372.37636133076603
[[0.18936682]]	1.4201983665938356	519.8416155106589
[[0.17774088]]	1.41646278132135	492.6811078434317
[[0.1318442]]	1.4500062773470679	695.3383191185836
[[0.13950769]]	1.363284524810778	527.10010472886
[[0.12467583]]	1.3178096255989558	709.6603055997736
[[0.17288917]]	1.202646868198614	384.40853399234487
[[0.15507805]]	1.4600408645527072	519.2763759792258
[[0.1449953]]	1.6373997123845687	553.1398798413226
[[0.15696211]]	1.4647463912643643	519.4651243490332
[[0.16516987]]	1.4163934997899805	408.7652302301527
[[0.14889109]]	1.5194844184676586	355.2919662006165
[[0.14893641]]	1.472771814060291	674.0927096330539
[[0.20328275]]	1.4964642253148073	692.1339899769811
[[0.19171596]]	1.4037861335545694	449.3663615668181
[[0.1655162]]	1.5354098083135181	542.6671538304423
[[0.17309488]]	1.4458737276245737	675.0995658660114
[[0.11153543]]	1.4833700158859895	561.6626961400976
[[0.10311663]]	1.5379601176574407	754.2877924467691
[[0.10643406]]	1.5858111861478514	771.8234147760077
[[0.10746608]]	1.5804802531800486	712.4381181972468
[[0.17725013]]	1.3872072503452524	623.3193274863822
[[0.19152174]]	1.4023911405580771	516.7834763863973
[[0.14450172]]	1.3832900351121495	487.38957244812394
[[0.20852903]]	1.5451036052837728	1025.7275686467472
[[0.16776514]]	1.8072199806139104	792.3753250369681
[[0.15371428]]	1.7178393152520919	663.124937402803
[[0.15694748]]	1.5057404606230247	620.0519695632793
[[0.1734435]]	1.5596770690310187	614.8087645415518
[[0.1369927]]	1.4005748409519063	586.4385742006641
[[0.1547892]]	1.2633693217331683	511.73393319410883
[[0.18418851]]	1.465070329235362	538.2645724723939
[[0.16202486]]	1.475591759634408	553.713267190009
[[0.13925133]]	1.3375754592512656	665.3866402518444
[[0.18534699]]	1.16786379450353	389.7992246612823
[[0.15983652]]	1.5513501779499441	1000.94779032399
[[0.20275558]]	1.490901105593226	721.6151373199256
[[0.20216493]]	1.6040135041597976	629.5482974889807
[[0.14791065]]	1.4050182213286524	525.4704085749677
[[0.14730724]]	1.5379189232333832	849.6280096518803
[[0.13619534]]	1.4410427451669232	664.5567233337462
[[0.12580286]]	1.59758717400683	739.0819915484013
[[0.201752]]	1.5276315520619366	699.5055911405161
[[0.13831528]]	1.3145309239387442	769.8269066188087
[[0.11905071]]	1.4541444444910243	878.6318166554106
[[0.18092564]]	1.393259085734061	622.7901784693184
[[0.19670955]]	1.3434718793129483	564.5239742497816
[[0.18166199]]	1.3227791711193453	532.8553983037626
[[0.17820637]]	1.2715876093326366	536.6961319279004
[[0.18073093]]	1.363385638397101	602.9956997331763
[[0.18904517]]	1.4093586156452547	622.8005413458484
[[0.19880169]]	1.3528117787310727	623.4480212431192
[[0.12760954]]	1.1932283248800162	528.3896894834858
[[0.14909835]]	1.4830030110171137	782.8906915131304
[[0.16445938]]	1.3516265028025096	561.1941100424333
[[0.20116103]]	1.3613764739873881	528.6325256378796
[[0.19668251]]	1.4524760703166961	700.982999389047
[[0.17725929]]	1.3104395686403076	584.9862853475719
[[0.17447369]]	1.4681411863014655	709.9042172565892
[[0.19703545]]	1.2308837734161995	479.7701272236764
[[0.17172973]]	1.4146895486130573	592.2935146025189
[[0.20449244]]	1.3461289196646562	578.9484209175357
[[0.15625705]]	1.5877529415000156	965.6102524630277
[[0.12064475]]	1.5774842950667771	960.1210779794925
[[0.12632306]]	1.5319813087476428	642.9845732033817
[[0.15028909]]	1.4647950755837051	808.09324379993
[[0.11547057]]	1.4678640601759878	820.8334485886946
[[0.18984095]]	1.226425413248887	441.32015001478266
[[0.18987829]]	1.3309412845041897	550.5721753350549
[[0.11745904]]	1.424656726761148	744.2131995546445
[[0.14637036]]	1.3878701060778136	637.1010818570671
[[0.11173451]]	1.4767807805106126	755.8689890513666
[[0.1266314]]	1.3948619233246613	679.9119252611669
[[0.12164405]]	1.5599410878397506	713.4630657236381
[[0.14149767]]	1.3521639027890777	587.5009372649824
[[0.1217837]]	1.24283015639287	575.1484859869696
[[0.17777757]]	1.3733883935477866	535.6708632458738
[[0.1407495]]	1.5404991921584383	1089.9582469628174
[[0.13834353]]	1.453799909307998	804.8639056442544
[[0.18995439]]	1.4874950757132004	748.0050871597464
[[0.14491174]]	1.5609896731793957	673.8858069191922
[[0.10841855]]	1.4647819682669596	879.7160063143274
[[0.10419678]]	1.5482512337765288	786.5800333712677
[[0.12212538]]	1.4649036790653112	781.47076216102
[[0.1107499]]	1.3627396349289267	666.7240120682088
[[0.13833736]]	1.4446697269578028	669.1844421905821
[[0.1985013]]	1.6208770033898754	1053.1711032241953
[[0.1492049]]	1.346979022779297	586.4275306198401
[[0.17547333]]	1.4233909344582907	664.0687169669438
[[0.17138511]]	1.3357348174854244	503.387854359608
[[0.15984181]]	1.4203331847089329	753.582872265011
[[0.15229936]]	1.574473357162939	910.8069941149055
[[0.14024927]]	1.349370171848452	536.3633253209207
[[0.18234872]]	1.1814205049660842	419.7749075450252
[[0.1300152]]	1.31388492047057	449.42382706004094
[[0.17252402]]	1.3177141294340953	535.1381547100809
[[0.20790471]]	1.2916249516889615	527.9499069686898
[[0.17246715]]	1.1928594475373195	376.7745799324046
[[0.18392654]]	1.3138156389392006	575.9343213232818
[[0.1630293]]	1.1412990084079144	342.71208150754796
[[0.15671648]]	1.2894753517426891	417.3485424797946
[[0.13842343]]	1.2563082229549511	486.9859334848979
[[0.16679631]]	1.5236188406639735	686.8928986116846
[[0.19124598]]	1.5323782731976514	591.7454320551674
[[0.18553866]]	1.370227657738285	435.3978279845665
[[0.18545856]]	1.2406168923366907	472.89758691381667
[[0.12851896]]	1.5320562077004747	757.87882189072
[[0.20222897]]	1.4291562813525178	578.0689178306181
[[0.14262974]]	1.5047630292885699	629.9102708499589
[[0.1721401]]	1.7369984673864642	1284.3003261616936
[[0.20432112]]	1.4786008250644251	531.3930196718633
[[0.19850654]]	1.2402892094180515	433.54250032577824
[[0.19155165]]	1.456509378926688	550.4236052058317
[[0.15821821]]	1.5353086947271952	653.6377570937144
[[0.16018741]]	1.656749856848662	949.9227378684725
[[0.16788913]]	1.6821181321727898	895.9593984575528
[[0.15403218]]	1.3547067222377172	408.91694485041717
[[0.12888735]]	1.5113241775566348	719.6182878633043
[[0.15479732]]	1.6323009661705445	790.224647226143
[[0.15394166]]	1.5077383901898127	548.3149653646975
[[0.18569586]]	1.627915632482243	733.5523428063071
[[0.17580511]]	1.5025104432821537	737.1714546549176
[[0.15317321]]	1.6073989368277946	723.1508180169925
[[0.20122739]]	1.4335191453549698	661.0335250127883
[[0.16152527]]	1.5537132399117872	722.6077910009166
[[0.12125563]]	1.5789279723826097	799.2503765696904
[[0.11854492]]	1.4372004288866522	662.0196937867476
[[0.13595498]]	1.5879270815653497	687.7338318363501
[[0.18592871]]	1.589511194417742	968.8663898841872
[[0.15576638]]	1.4982299681278168	803.8906832546645
[[0.14633374]]	1.5077103030825008	661.8470676027137
[[0.15950254]]	1.5006154997755095	612.5465817738418
[[0.2087253]]	1.4028049572724728	663.7691481891246
[[0.16249297]]	1.6153101387206525	633.0444681368426
[[0.15640899]]	1.7177981208280344	751.2818865733699
[[0.17098592]]	1.3438913134488064	537.973501737803
[[0.14374397]]	1.224964883668667	527.8454511137494
[[0.18637732]]	1.4069805738928451	463.9625241937495
[[0.10627001]]	1.574490209427326	1236.6091063028778
[[0.13751568]]	1.668838547835713	978.275346539503
[[0.14733363]]	1.5825137597494319	795.7286864896062
[[0.1601273]]	1.4435874370893833	749.4123974536188
[[0.16014626]]	1.4752790565063352	727.9523909019263
[[0.17217466]]	1.4740544586275353	719.8104358880444
[[0.17348956]]	1.4177978551555768	721.6371638789882
[[0.16323115]]	1.5537750315478733	773.9609555417742
[[0.20117521]]	1.534245129596984	875.7583560458239
[[0.18082792]]	1.2717411521859416	531.838177088688
[[0.17999428]]	1.303035807152885	445.33477320325414
[[0.19611459]]	1.2035175685252837	427.0844391053589
[[0.16150889]]	1.5144849133661364	855.929778393487
[[0.18775727]]	1.5930014856197035	763.4615094546585
[[0.21208638]]	1.4372154086772186	761.0468228437546
[[0.18305139]]	1.2057383224767462	481.2740644669518
[[0.18813169]]	1.2322956186770786	372.8546916158191
[[0.16620207]]	1.4026420520500638	584.6680699582938
[[0.1223093]]	1.4943782894784419	771.5717551952563
[[0.13143607]]	1.604045336214751	829.4455093379944
[[0.09813698]]	1.6121812349661044	850.4074485661648
[[0.1985218]]	1.3840933263812705	567.9506974599699
[[0.18848524]]	1.1923501346580634	456.0310270545307
[[0.20113832]]	1.3708699162588178	647.654966005333
[[0.19334441]]	1.370849319046789	611.51624024758
[[0.20339745]]	1.2574841365144103	466.23404953384386
[[0.16500301]]	1.4994583109542583	667.5977995882782
[[0.17084746]]	1.4716801618227675	793.1216054074005
[[0.20224732]]	1.336414525482373	465.9156422372501
[[0.18977002]]	1.4867254889728536	555.1745437978528
[[0.16271006]]	1.5656689852575618	997.1802072323333
[[0.13980833]]	1.4738896809313053	652.927155125605
[[0.18667284]]	1.3939856055765294	708.6994612004781
[[0.18860862]]	1.3118139644247708	569.5068243459293
[[0.15620311]]	1.5132977649637525	1122.1529819736245
[[0.12384926]]	1.2968266839631295	552.5961732706735
[[0.12711618]]	1.209215506361962	505.7965520137071
[[0.16209583]]	1.2544825609796761	453.24898370832716
[[0.20258033]]	1.5013008251939204	627.1562178511803
[[0.18893091]]	1.403688764915888	587.7380934849284
[[0.19959844]]	1.2845151685914038	480.3550199769126
[[0.18963635]]	1.2999256281365448	495.81909347944617
[[0.18705647]]	1.5178235341886135	1030.0193768273625
[[0.18469661]]	1.2984295215537298	516.3172259718602
[[0.18602336]]	1.3712575183397222	574.2523075105153
[[0.15783004]]	1.26862722822196	474.8261677473493
[[0.19241749]]	1.3991292911622526	597.6229581572953
[[0.12129356]]	1.3815224198253193	654.9496250559996
[[0.19326147]]	1.5802293416880622	1219.2556185276921
[[0.14435725]]	1.408353097203488	582.7222049984705
[[0.12249134]]	1.4696447827795636	1118.7950547092628
[[0.15087597]]	1.5455604888960468	1258.1043362865635
[[0.17368464]]	2.007170225093661	949.3302482887314
[[0.09941336]]	1.8378911017985289	873.4826480164976
[[0.11950317]]	2.0683458172928475	965.5015383533594
[[0.19239975]]	3.4250092746732954	1461.4477802226527
[[0.19712173]]	1.609348182075242	662.63025546209
[[0.16725001]]	2.070695771937945	1075.518946142227
[[0.18520363]]	3.16895409710107	1498.1699372284806
[[0.14221971]]	2.019861852651008	774.6476983905917
[[0.29148329]]	1.8615479360504503	722.8349074280198
[[0.17568632]]	1.7653196339259853	735.2178973650946
[[0.19179667]]	1.930022431203095	844.6725640915637
[[0.1889718]]	2.0474677341909855	935.7291828442892
[[0.18317521]]	2.080850197468115	922.9306522766212
[[0.18978863]]	1.4289016249128899	590.9149807684576
[[0.161129]]	1.3519223536661953	521.284583785907
[[0.17681797]]	1.472927229387417	591.0600237877586
[[0.17948938]]	2.251516823864456	993.2105031139959
[[0.17348869]]	1.8852590720431748	747.280525511448
[[0.18146127]]	1.7268590216468604	585.245127917338
[[0.1835721]]	1.6881737125092402	570.3963305625995
[[0.17962276]]	1.4319163077643695	566.3471308057364
[[0.18680474]]	1.5940837754881227	634.4003847788614
[[0.19885815]]	1.2489007165198869	438.2391806761838
[[0.16298353]]	2.436839302856158	1187.7293135447455
[[0.20680045]]	3.5857368100288576	1682.8362687853391
[[0.19460581]]	1.489451810855931	617.3334884931893
[[0.17918029]]	1.7144389027935287	689.3214109982466
[[0.18422078]]	1.5687398423236654	606.9379417996146
[[0.1784742]]	1.6503497413291854	633.4759644708889
[[0.17551884]]	2.3321811235904746	1055.999595614869
[[0.19052104]]	1.3450410123747745	500.05390755635835
[[0.18637227]]	2.0431910039842904	998.2349864826975
[[0.1648454]]	1.9223640132760442	815.7902044777521
[[0.17523154]]	2.8439282188136903	1128.3516035151601
[[0.18442931]]	2.2581154216089367	848.7078115988212
[[0.1578439]]	2.3477507434103835	1022.0455779511468
[[0.19700964]]	1.3291736692173595	547.0641284083891
[[0.21255326]]	1.5793717486781382	725.7482740552166
[[0.1836405]]	1.4465403283047766	600.2664856849756
[[0.1864841]]	1.5621562243697509	677.5839592982329
[[0.1861827]]	1.3157255622364112	510.5213525771985
[[0.18604989]]	1.2855000898211417	479.9513852318529
[[0.1881637]]	1.5660678221813913	589.9276855891713
[[0.18367498]]	1.576617339687749	554.4226010208394
[[0.18984053]]	1.2056727858930183	442.405938341298
[[0.19485232]]	1.2474270796229214	452.5153262085079
[[0.18071556]]	1.327005344532879	476.1096252917338
[[0.1795303]]	1.2616466458180369	447.0967508033067
[[0.145876]]	2.4217846133369676	1042.6199639198576
[[0.16574394]]	1.8326725172599738	802.2110153827406
[[0.15975057]]	1.8206493628566507	786.462816649754
[[0.17078466]]	1.800070875566116	775.7008005876241
[[0.17449949]]	1.6683367248517402	703.9727428074489
[[0.189747]]	1.4656376888030627	506.4571142458017
[[0.16846358]]	1.9557240068673243	778.0332147476754
[[0.18105776]]	2.0045637415351147	856.6755942516733
[[0.20881752]]	1.8579340615763165	843.7948313141446
[[0.19353065]]	2.2582352599334676	1067.5320782455178
[[0.22793898]]	4.00257944211891	1829.9807862792763
[[0.16878588]]	1.9303894360719707	834.9335471101912
[[0.17451903]]	3.244055277105508	1402.093597751279
[[0.1794871]]	2.3505332395080845	1070.777885821884
[[0.17196555]]	3.635861061737713	1740.3269840219816
[[0.16896036]]	2.8434132885129717	1198.2069213385255
[[0.17287178]]	2.4574627295183915	983.5118229716086
[[0.18367974]]	3.0133889720694396	1247.5968422242474
[[0.19132357]]	3.0020099486604694	1258.687134809727
[[0.17126197]]	2.401633050077574	962.8782604621499
[[0.1766982]]	1.9361379307018107	812.9519765255882
[[0.16146196]]	2.245442518789798	941.5642320101796
[[0.18996273]]	3.2921797267737545	1401.2478283554995
[[0.1893721]]	2.19128495847095	1024.0458369428875
[[0.20074727]]	3.2714402067346313	1385.5474784207975
[[0.19162463]]	2.3611913604960484	1047.7495849367008
[[0.20228902]]	1.7334913239201155	713.0749576267772
[[0.18681575]]	2.725293894949595	1121.0112220553974
[[0.1812269]]	2.8011215947965007	1158.4925676784917
[[0.17612261]]	2.611190957731823	1059.2052638204796
[[0.17984101]]	2.572273461840424	1083.4392043706705
[[0.19628489]]	1.8084501959141726	759.5813066985764
[[0.1718781]]	2.670355513047476	1140.786658419845
[[0.19719662]]	1.413798251074359	586.2947150876955
[[0.19412421]]	2.6589989593243555	1191.8814912676094
[[0.17825861]]	2.1553409510069734	943.2428720539125
[[0.18707031]]	3.6240682216143476	1701.0446547967142
[[0.17993746]]	3.353838417218706	1606.1402879173668
[[0.17806214]]	3.174256942961561	1514.0771663491632
[[0.17918282]]	2.825737135644669	1315.4759541606763
[[0.18215571]]	1.9614125823348987	753.0111231029134
[[0.19059288]]	2.5545598594957055	1045.8924116440219
[[0.17222361]]	2.4679223682813514	957.7857893284908
[[0.17824545]]	2.71256107296819	1073.635565362615
[[0.17308364]]	2.672961996606022	1063.1578095100958
[[0.19427147]]	2.243098181566163	857.0331481500884
[[0.27085578]]	3.553826111174873	1505.3332173366907
[[0.19510162]]	1.5249202099694257	603.9765563124075
[[0.19581408]]	3.3480599630077332	1447.1946811881273
[[0.19199543]]	2.200675414682236	855.3082211127107
[[0.19782403]]	3.2893204592494008	1549.750189681686
[[0.09043185]]	1.5537113674379663	980.3889425953099
[[0.10250284]]	1.6484885023513154	1031.4579060530316
[[0.10244039]]	1.5531327730273408	855.1868541707236
[[0.22645549]]	3.547135762213173	1589.202159199114
[[0.11154451]]	1.782651251611262	998.0150603134625
[[0.12212358]]	1.3829829494055392	667.0032346917873
[[0.23971138]]	3.0217589300483922	1330.2556740817015
[[0.23117559]]	2.901089227141093	1298.8072237904767
[[0.14596088]]	1.4124332176589998	847.6935589023516
[[0.14777877]]	1.6810414597258327	1208.658143956297
[[0.19170294]]	1.7044567448548715	1422.2127386247587
[[0.16465833]]	1.5452271885559452	912.426777866068
[[0.15627249]]	1.3947327226310264	548.6117449687526
[[0.19300364]]	1.4372453682583515	566.466788642138
[[0.11195941]]	1.5298972453850983	921.7384192142185
[[0.19511345]]	2.78140070051589	1239.0641110264987
[[0.14876474]]	1.6651628817254929	1210.3232478448836
[[0.14026703]]	1.600834043612088	1087.6238277806451
[[0.10390423]]	1.7063554333091575	817.6548217348834
[[0.17859608]]	1.520856941778301	816.6118636868335
[[0.29758583]]	3.36105680379787	1446.737289958327
[[0.17787012]]	1.909573144606195	782.3081797808119
[[0.17591566]]	2.432036407505819	988.5719556550586
[[0.18680218]]	2.707737580405823	1178.8978348515445
[[0.20412776]]	1.5629876027461838	621.485642659978
[[0.1716959]]	1.4517869999506436	643.7294131984088
[[0.2574714]]	3.1025187259392712	1133.2570553804017
[[0.21185085]]	3.1077466728469303	1240.0814178535995
[[0.24620978]]	3.475856301276978	1448.7617694322967
[[0.16807445]]	2.2225608886996855	980.2211947745396
[[0.16162286]]	2.0960771545788184	810.3632163234505
[[0.19867555]]	2.7578505972717537	1093.3325039850308
[[0.19390019]]	2.688027920968137	981.5840514292183
[[0.20548924]]	2.612411810662981	898.6341228295508
[[0.17708291]]	2.629621717549906	1138.2778249915575
[[0.19952721]]	1.3520740240456797	506.5881594216255
[[0.19416123]]	1.3935736613359546	523.988206756053
[[0.19444014]]	1.4566853914658429	525.9148739307292
[[0.19342813]]	1.352281868639788	496.9789220335195
[[0.19573052]]	1.3977530229039685	488.3330783919261
[[0.19113784]]	1.4804246145658793	562.5117952745362
[[0.18689209]]	2.853344889658467	1209.2458827139824
[[0.1901881]]	1.7344668827807497	1154.0115274373954
[[0.183955]]	1.5506723424268165	498.6320997744779
[[0.16517432]]	1.3918210258396906	395.0486218816518
[[0.12969714]]	1.6004220993715133	962.9433101336906
[[0.16876605]]	1.6044966024055627	729.1552263959722
[[0.13498298]]	1.2927034966097393	420.38337867355375
[[0.12485613]]	1.4916257529618737	501.03870422468697
[[0.1493281]]	1.5443152938052183	1083.716266810023
[[0.19700382]]	1.474925158954205	922.3207860114873
[[0.11811383]]	1.4984827520936241	843.9118535050561
[[0.17438178]]	1.2962611968692495	579.9223998067143
[[0.10737521]]	1.5826841548671242	658.0808338895762
[[0.19959669]]	1.432697129347641	604.5789911499342
[[0.1370695]]	1.2885840542039908	408.5073153375723
[[0.17852696]]	1.3498944645182744	401.74436084500354
[[0.1804745]]	2.5708878312130357	1116.1480857384859
[[0.10819978]]	1.6583601843345455	1008.2978491868306
[[0.15271782]]	1.2978921215671617	435.62344459096596
[[0.18128806]]	1.6376768385100462	534.0499478494718
[[0.10716955]]	1.612175617544642	1030.521265280552
[[0.13837991]]	1.318401327326327	500.5651194132336
[[0.13221205]]	1.6056219591718603	1153.3429573001765
[[0.28474994]]	1.259182470269871	362.5304151078177
[[0.15905202]]	1.622195224959715	738.021746999516
[[0.12135599]]	1.6176657107872123	816.5575590867809
[[0.1413856]]	1.7843982696860634	1079.5844109605384
[[0.18392116]]	1.763698071597177	1291.5037996193419
[[0.19964963]]	1.5732805913390928	855.8738727657357
[[0.16483885]]	1.784958139358481	773.8934693692416
[[0.16137784]]	1.3604814315010483	370.30867174423076
[[0.15646732]]	1.5642047107297004	656.33792195204
[[0.15100871]]	1.4089054769806222	395.4289076768715
[[0.18450665]]	1.5355802034312105	823.7884701640586
[[0.12195502]]	1.5918349344293483	988.9119463497059
[[0.12273773]]	1.2663933669537517	649.7849030268801
[[0.17227284]]	1.4803646954036138	713.7865907536111
[[0.11904114]]	1.6912838915255803	777.1319022921779
[[0.2825627]]	2.014826770546891	1164.3273549528042
[[0.18833896]]	1.7495552768287141	1292.8185186748158
[[0.10718232]]	1.263344979573498	417.21724030655355
[[0.221681]]	1.9832418821377245	1183.8637775897148
[[0.15843295]]	1.509908587348114	618.5051661525077
[[0.09988728]]	1.7670984840557404	911.0932203416237
[[0.16655826]]	1.3379312292772165	507.82164955868257
[[0.26125732]]	1.7964438937752363	998.1020931538296
[[0.14143298]]	1.5386585503925971	490.8079038371446
[[0.11129495]]	1.4420183040275574	655.8834615798424
[[0.24178545]]	1.764183042316763	1013.2277509394416
[[0.22170868]]	1.5137003468352235	603.9084922968842
[[0.34207473]]	1.870219362314551	1331.651078269919
[[0.18036745]]	1.2181640587515403	459.2218056631104
[[0.16015702]]	1.6449832313587875	506.52148197893115
[[0.13059455]]	1.8842198490726336	1015.6881135395005
[[0.13447031]]	1.470974239192328	644.5638074493725
[[0.16106326]]	2.0960415775762233	736.4607423843379
[[0.16101649]]	1.5781527682208008	1045.8501159273337
[[0.11568137]]	1.4809676319739098	957.928722450045
[[0.12692931]]	1.6486813671548572	918.1932310954057
[[0.09538824]]	1.6144544181845493	938.9862960099091
[[0.09605258]]	1.4775915616750166	773.2826626247377
[[0.10997565]]	1.6755026821639218	592.2113946305774
[[0.29783659]]	1.6827791154315304	958.7164617155978
[[0.24327962]]	1.7190283361282968	878.0167841763879
[[0.25932285]]	1.8249317104848082	950.054319766644
[[0.1734692]]	1.6499415420362522	909.2699273525608
[[0.11947085]]	1.3545962462822903	526.7908975249929
[[0.16706962]]	1.5233398420646749	633.306008282071
[[0.29527155]]	1.9563718828093193	1276.6395830305719
[[0.19824837]]	1.4938109299107412	1072.500103151567
[[0.24906636]]	1.8470306465178283	1268.573387838122
[[0.21199705]]	1.6748903832245219	954.8178536670597
[[0.23300743]]	1.348413337726026	791.1674182492723
[[0.1832332]]	1.3039271046915832	569.2631827426179
[[0.12156399]]	1.5860471178492717	855.1599449067808
[[0.1419409]]	1.4122235005910706	476.524725608282
[[0.3185362]]	1.7680815328116577	1107.5493302303025
[[0.37469577]]	1.9471424593466218	1397.236178968532
[[0.19516724]]	1.5518651082506627	1139.756212848577
[[0.25895533]]	1.610187050346958	728.9485130970094
[[0.29815557]]	1.8834970741778068	949.4164943235
[[0.18223777]]	1.2739881207708954	705.2901573007342
[[0.30060328]]	1.6552050659465063	854.4998341539119
[[0.08764774]]	1.5290565046395614	623.0381176351456
[[0.3326372]]	1.8379940878586727	924.2176189610922
[[0.12067737]]	1.5874833052698212	754.4857483211875
[[0.36410572]]	1.7672819864901783	868.5428925989979
[[0.34477864]]	1.845454023560719	1069.7858073219954
[[0.33730248]]	1.7577267525826625	894.8368388330522
[[0.30887591]]	1.7988125731585418	904.5879240644355
[[0.15219254]]	1.4175057492395327	571.765250269354
[[0.17253892]]	1.5749920324112991	884.0665729763284
[[0.12711864]]	1.4041662457401907	519.7542288351322
[[0.14525505]]	1.4817447086095394	683.3302323323023
[[0.17547633]]	1.655628245030006	788.8968390486167
[[0.14312765]]	1.4577040172243552	471.51792416094975
[[0.11495302]]	1.4133750719908595	779.2469013322358
[[0.13422924]]	1.2373700227314326	439.9714084859661
[[0.13166454]]	1.4810181887670713	750.1147236209852
[[0.16372328]]	1.44456861337148	1042.5313974820042
[[0.15768716]]	1.3314000405902844	342.37269603302536
[[0.14234926]]	1.4188220983355515	439.5787275284309
[[0.11646742]]	1.376169017171667	436.7560577469902
[[0.15062684]]	1.376122205326147	350.4194827855342
[[0.14252632]]	1.3732142534824527	417.9828567140092
[[0.15579441]]	1.368403868236831	378.6209310851901
[[0.17500739]]	1.2900033893601532	382.4801477896932
[[0.18036067]]	1.7461417570534052	872.2174385590158
[[0.12538828]]	1.3306117291117299	632.661216425652
[[0.25254781]]	1.6843856979697722	613.187755031853
[[0.24493901]]	1.603590325076298	824.6770630249217
[[0.42635773]]	1.800553973811881	774.9771574411297
[[0.13629611]]	1.491951563406692	756.111941426796
[[0.18913158]]	1.407684624049464	810.8316253189123
[[0.17368775]]	1.3519410784044033	855.9820023812854
[[0.16595722]]	1.6593039111402261	1217.1716136937182
[[0.16491254]]	1.3987304542384233	344.41036726835557
[[0.27624112]]	1.7766780601229266	960.0604289847403
[[0.11297739]]	1.5364359239673138	839.4298305067276
[[0.19696051]]	1.608735883135842	964.1189072758644
[[0.21710552]]	1.3616629624819698	630.3389480402458
[[0.11741528]]	1.400393210991289	737.0044104476826
[[0.16603365]]	1.3228222380172234	802.2990795139833
[[0.15084881]]	1.5381791970944736	688.5668364738666
[[0.10137528]]	1.3867559841544408	397.86103472946616
[[0.08217458]]	1.7076418228240435	1011.6450969893094
[[0.16542246]]	1.4803684403512554	660.7522876237422
[[0.15531175]]	1.7103344401783465	796.6331824015716
[[0.1451335]]	1.4342700073571084	545.2384749009541
[[0.17542642]]	1.461977002483409	494.8007525850399
[[0.17503275]]	1.4191404188850867	409.5654943527636
[[0.14351965]]	1.780797502528675	609.8148581191388
[[0.1550257]]	1.6331192372302317	692.0340559402478
[[0.1369116]]	2.473871217610016	1295.8836027476036
[[0.13959554]]	1.7092895997863429	618.4007983429573
[[0.13479823]]	1.5877716662382235	467.37643560607387
[[0.14902151]]	1.7044043155878894	605.5425849378707
[[0.11908617]]	1.663591876189846	432.63121349633496
[[0.15203913]]	2.1852761899800197	1006.4161782008025
[[0.12810271]]	1.7463870511239292	968.4806240887419
[[0.22068746]]	2.6230100124886797	1273.5522266908345
[[0.15873841]]	1.8510602101801787	908.367848418681
[[0.13095814]]	1.5373084967678041	442.7646953296242
[[0.14998902]]	2.23640034270918	794.8512052914507
[[0.16954352]]	2.4507424209755593	1161.8068898826093
[[0.28710858]]	2.2819595032429376	1598.5963735240769
[[0.23742344]]	2.0861118489045483	1231.857986678659
[[0.14025426]]	1.5937729448338709	785.8706010235668
[[0.21906269]]	2.9260474306984663	1483.4790780668948
[[0.286561]]	2.6486086020927653	1541.4986295586948
[[0.25789839]]	2.5558462490105915	1423.8129884845814
[[0.20082244]]	2.588253153427087	1287.718781603294
[[0.23584328]]	2.216497818467952	1313.4415515803437
[[0.31262094]]	3.1976872078811662	1585.6620547622815
[[0.24533764]]	2.607996517393547	1378.216752748251
[[0.25944563]]	3.001348965401729	1328.9776160790532
[[0.32458289]]	2.8394642412249156	1521.8710211312496
[[0.2358874]]	3.3704959443284968	1598.6172676768822
[[0.22714681]]	2.9375743795392792	1366.4699456208914
[[0.18215004]]	2.5706013427184544	1185.726600695805
[[0.20816688]]	2.9875731755021415	1299.112918806107
[[0.14355043]]	1.2748101367782243	287.9514015024496
[[0.16960774]]	1.2701795090193988	324.60968367411215
[[0.13949615]]	1.583890028007716	765.3684177647691
[[0.16228534]]	1.6824289628270417	859.9393198842064
[[0.14619176]]	1.5473692986069345	672.2461251468598
[[0.1505626]]	2.0132520200636024	900.4103560492733
[[0.13276707]]	2.2688896359737902	1142.4123139958158
[[0.11018534]]	1.4963518768855597	658.373060102947
[[0.124028]]	1.7224437283774263	796.3173030027273
[[0.12669229]]	1.85080368126673	1202.5690831294198
[[0.18497096]]	1.8924531164626683	1526.6956067023627
[[0.20874913]]	1.7637055614924604	1218.0148126641236
[[0.10549404]]	1.7072560932169598	947.4471369844155
[[0.11922795]]	1.676697320461589	888.6902735922554
[[0.13455009]]	1.7834245832992501	835.9264723717431
[[0.12047131]]	1.7047863002473316	844.2628872539453
[[0.13187758]]	1.5482811933576615	805.6067522291299
[[0.16663753]]	1.5842869924577245	987.6719949544208
[[0.12988208]]	2.0166187279933916	1094.918406280154
[[0.16471702]]	2.1922586448577634	1087.5099340854824
[[0.17036757]]	2.4811457784038042	1163.5359464891912
[[0.13839943]]	1.9018304653572087	814.823879061629
[[0.1364673]]	1.873258387325701	911.6933889810064
[[0.13521681]]	2.0629568376366003	971.5573713845812
[[0.12062229]]	1.862162107463671	850.2664825164863
[[0.12197857]]	1.5333388522677192	623.8725216670897
[[0.12970692]]	1.5699176283569454	834.1482859347445
[[0.12961114]]	1.4488116390494008	592.7990065269724
[[0.14427403]]	1.4515136187728077	700.9618552715771
[[0.1187264]]	1.4780765323946026	689.4301108415805
[[0.14354704]]	1.5598306118843237	655.7919506019866
[[0.14570074]]	1.4379044790432711	507.7312283103189
[[0.20306302]]	1.778999927660712	1165.6077060548332
[[0.12659335]]	1.695556876784634	1293.8334717218581
[[0.14748332]]	1.4129387855906141	386.4083844717314
[[0.12418048]]	1.5900710640901596	576.5708343284363
[[0.11136157]]	1.6863255808481157	751.990242882852
[[0.13341368]]	1.490217652648636	583.2490843815305
[[0.12997826]]	1.637188122842819	645.471475534396
[[0.12342384]]	1.5788399661130326	665.0463825910995
[[0.12342984]]	1.5500225940110006	716.6495338583028
[[0.17757908]]	1.6534337057120345	858.1876045447635
[[0.11449458]]	1.4929701891652043	860.8700512467719
[[0.15504674]]	1.3331170990839531	424.4638014833257
[[0.17235773]]	1.4027618903745946	437.3875517174168
[[0.18100473]]	1.320472283372126	291.5318034634364
[[0.28898985]]	1.6968601185639072	1397.531301794872
[[0.14159445]]	1.5546794364033174	545.1307904866884
[[0.16201744]]	1.6590005703812574	924.2411722621453
[[0.13696302]]	1.6922931549149887	1112.7962818749004
[[0.22845985]]	1.7381837433150273	1012.3743153897192
[[0.31698757]]	1.6412364112433773	724.68956200289
[[0.22862453]]	1.5718163168112311	777.3807971070956
[[0.23279372]]	1.7305665198120341	1417.5312463876687
[[0.10136734]]	1.3194630199827178	478.38159429179365
[[0.13163192]]	1.4638775634115158	596.5902636398721
[[0.14474126]]	1.4695530315623446	547.00273656529
[[0.22407208]]	1.5028194014625849	734.139368018539
[[0.13561437]]	1.3850445430822342	508.091874100402
[[0.15710741]]	1.4229977149559239	529.6343583510861
[[0.15514751]]	1.2983508776532564	385.91736617745784
[[0.15313096]]	1.5727338289834207	1535.8999582306258
[[0.11645811]]	1.5129813168880382	874.9170892233867
[[0.20512936]]	1.8255758414791616	962.8812660812453
[[0.14087585]]	2.062694691301689	956.6506899593413
[[0.17464168]]	1.6651235597752563	919.352846010435
[[0.15723702]]	1.579025341021291	651.1931943415382
[[0.26421015]]	1.9078074017931856	1256.6013306099667
[[0.38940539]]	1.7107969412120827	1087.0716583035949
[[0.1387963]]	1.6201373762306615	702.1915215006543
[[0.28404454]]	1.782988296899005	1177.5900037055503
[[0.22838429]]	1.6069626504275494	1441.85958124551
[[0.16763567]]	1.6789030946224852	557.5493171217178
[[0.24532339]]	3.5827071473868113	1636.7000037883697
[[0.23914321]]	2.7127239781905996	1116.5440070731315
[[0.14512677]]	1.7886618925760132	930.9404799630647
[[0.16437915]]	1.4423384970509132	600.0927566114833
[[0.10069445]]	1.6748585511695684	862.6819216783895
[[0.15080933]]	1.5574263554984233	639.0727536347819
[[0.16697938]]	2.2445324965128917	842.9447998612949
[[0.17563462]]	1.4967469688617474	418.3382241618261
[[0.1536331]]	2.169678483052799	818.4455644770338
[[0.17308592]]	2.1147438460983214	918.8058773069996
[[0.15969806]]	2.9579937065550466	1397.677751240961
[[0.1526728]]	2.6513611386093334	1172.0472105252218
[[0.15964879]]	2.4967359954357415	1108.1518521177825
[[0.21005449]]	2.815296221619917	1303.5330523087314
[[0.1669922]]	1.492681828196802	473.5625719172047
[[0.17168619]]	1.7962510289716944	704.3962538614168
[[0.22277747]]	3.1728039032766246	1491.7560184383492
[[0.21985485]]	3.1622094463985677	1504.9782429825834
[[0.21402813]]	2.9856201853070528	1450.9936909848877
[[0.21778186]]	3.254711525619651	1454.2003212458205
[[0.21304093]]	3.1182138015051732	1340.3411750143623
[[0.17366763]]	1.6123029457644562	519.5383804787274
[[0.20300738]]	1.6058766156114883	564.7021852278683
[[0.16642218]]	2.22457379805704	839.5542606329068
[[0.18637006]]	1.71510175852609	586.2970369243574
[[0.18140703]]	2.000427446864979	725.2488960800869
[[0.26841644]]	3.366977566019223	2000.7678498827474
[[0.24046774]]	3.802632942586801	1726.2482316739274
[[0.14669983]]	2.5345655840372587	1134.8472731423278
[[0.26153278]]	4.220024209506346	1914.8151665616654
[[0.14335364]]	2.0620243456738443	887.5375389689015
[[0.15213406]]	2.110332297776529	745.2701672865356
[[0.15334229]]	1.8311071291457894	619.8958138067308
[[0.17366472]]	1.5710167704897517	601.0675381123266
[[0.17949543]]	1.6177443546876857	592.5173576756434
[[0.19382488]]	1.6344112441665801	576.1809094107664
[[0.1959432]]	1.4126560420436742	470.6434172137636
[[0.14205572]]	1.959585047885803	701.0299968883473
[[0.15582536]]	1.7155436623477975	695.2833167574368
[[0.17876993]]	1.427396155960971	507.34275239737076
[[0.18624389]]	1.4250330939991278	558.0324126488798
[[0.14820381]]	2.0472598895968774	1213.350356013615
[[0.18598195]]	1.6815601349741929	640.4404937085885
[[0.17624821]]	3.084320152874967	1439.985815017084
[[0.17306313]]	2.7858684230523063	1165.671164570503
[[0.17213012]]	3.061691306750662	1326.2765368312487
[[0.14374987]]	1.838902237661758	823.5705875166213
[[0.15303291]]	1.4607505321307883	507.13180429590915
[[0.19950073]]	2.753322955573072	1170.689923433476
