[[0.3438502]]	1.5451972289748126	503.5098177233251
[[0.15181027]]	1.3581352218035925	765.7503537342443
[[0.1114027]]	1.4774586160337402	789.9476578243901
[[0.16339054]]	1.3705422333401787	848.091002114259
[[0.15951437]]	1.4910677557632768	832.0650175012407
[[0.10629416]]	1.3645166125848611	786.7538233405644
[[0.11938553]]	1.3643855394174054	801.6124965366777
[[0.19564903]]	1.5222332100365852	831.3322597699481
[[0.09233365]]	1.447313659992765	695.2667663983846
[[0.24495902]]	1.4823982019729969	918.1609722254685
[[0.12484838]]	1.222292863526393	652.2068158836726
[[0.21812004]]	1.397829794330621	783.3457822247966
[[0.20117383]]	1.319815045061027	586.144045053319
[[0.84612934]]	1.5028212739364057	967.1073667847626
[[0.09396245]]	1.1877981507997113	677.3548620757508
[[0.09775576]]	1.2317432388999443	679.3615705620879
[[0.08691134]]	1.2562913706905638	649.9437785996179
[[0.09174961]]	1.263315019992365	691.8254604227808
[[0.11497652]]	1.280835757533542	665.5040448918691
[[0.15969403]]	1.29833589786269	722.3255019638254
[[0.08075543]]	1.1995067296011412	666.5159110879218
[[0.08750504]]	1.1707979609807155	581.3049659780243
[[0.09291875]]	1.1984712515782416	582.0522393273044
[[0.09288355]]	1.298747842103265	721.874824009431
[[0.10557641]]	1.2478090642823636	697.0831658998883
[[0.10175382]]	1.2359244729417789	556.2274512743776
[[0.0939385]]	1.2908703447391812	636.5693464455602
[[0.12506013]]	1.3677803344545063	723.4974235019247
[[0.0702308]]	1.2313462744499357	549.046983053338
[[0.08941465]]	1.302204428776452	719.0374362075288
[[0.12368503]]	1.109768421739551	494.10481787065635
[[0.10641751]]	1.385668076864559	818.0375313733617
[[0.09470684]]	1.3383824954680281	537.8889778379782
[[0.25861563]]	1.347909642268232	858.6215700163492
[[0.89662092]]	1.4335734470957728	639.341318861072
[[0.12314938]]	1.456511251400509	742.0830548046332
[[0.57379296]]	1.5454462679929781	779.7970936770806
[[0.29392752]]	1.5029972864755603	487.3385912529689
[[0.1070109]]	1.4018743377835379	774.0171696242229
[[0.10337032]]	1.6434534202471982	1012.388505710787
[[0.71090182]]	1.6623841305754334	949.9708898930317
[[0.54526014]]	1.5928460702925775	931.7096801263049
[[0.11938013]]	1.3890853415875095	551.5486431826398
[[0.67008788]]	1.6059327898261122	794.3253495967532
[[0.22087034]]	1.8169549720082225	1232.3202996552384
[[0.26341158]]	1.6489060640133526	931.3532067085282
[[0.27200831]]	2.102449182990983	1421.420459270543
[[0.21397496]]	2.120144060597494	1424.1259079537379
[[0.15393575]]	1.8431714779731703	1354.5786720237988
[[0.36182268]]	1.6889713863568987	599.2831263127719
[[0.21952651]]	1.9176641039858493	1394.4651184311913
[[0.7382262]]	1.4064094693775029	651.5027478749225
[[0.18354335]]	1.4437615771547172	455.92983253173753
[[0.47018681]]	2.052006610732592	1998.662273230879
[[0.11281856]]	1.3574761110186726	688.7076909580062
[[0.09096509]]	1.283108940751987	472.4295861177535
[[0.24429277]]	1.5207689355087237	679.9719641166934
[[0.29005312]]	1.7302594341054238	813.1490537208466
[[0.40704502]]	1.477660843206386	557.8119657639322
[[0.35905117]]	2.126928033250233	1935.0635918438318
[[0.36978752]]	1.6820132736388254	1315.4712766264174
[[0.10446984]]	1.574473357162939	874.6056989487707
[[0.09538482]]	1.738752975356549	1120.9952427018502
[[0.24937832]]	1.4904142623998193	579.9501818162842
[[0.38377253]]	1.6037869348274814	509.710664781426
[[0.47465271]]	2.137726589774757	2067.0140815684767
[[0.11830005]]	1.3971219992263606	802.5924745525546
[[0.1139526]]	1.5084180981867612	800.4653068590065
[[0.24114014]]	1.642414197276657	1010.8971127641779
[[0.40926337]]	1.7905999029805357	1064.9417239557567
[[0.22139625]]	1.8327605235295512	1315.2933310987917
[[0.12363311]]	1.7471622552857384	908.6547129764255
[[0.4382848]]	1.567210031212076	538.1812282395595
[[0.32109437]]	1.9960795626530934	1680.8617445907107
[[0.09378783]]	1.6726415421657475	848.87831528071
[[0.13596742]]	1.6499677566697433	947.6812391452324
[[0.26981499]]	1.7368954813263204	682.0446576312122
[[0.16929103]]	1.5086502849405399	537.4115188183001
[[0.10389298]]	1.498484624567445	603.6120010686597
[[0.13457469]]	1.8436264891116234	1111.464261687823
[[0.13604471]]	1.6745102710389006	592.870484017392
[[0.17691944]]	1.54867815780767	627.7814807671277
[[0.18632182]]	1.4089841208810956	482.86207321789374
[[0.14798624]]	1.611967772950534	684.324109562938
[[0.1487615]]	1.627788304262429	718.7554392664454
[[0.16035939]]	1.5559527186014577	490.4584735735697
[[0.16956492]]	1.6399593840975952	675.492750456664
[[0.15051541]]	1.4532943413763835	535.0475606081922
[[0.16036734]]	1.510693153879027	404.13069415012455
[[0.17304677]]	1.4954755591374278	406.8915088694074
[[0.15685873]]	1.4083568421511294	434.2548728099075
[[0.16895508]]	1.4805481978380517	389.0032425910678
[[0.13170208]]	1.6132279478319287	573.3029387299966
[[0.14677292]]	1.6964762614306441	844.4850232514196
[[0.16698936]]	1.5796507472774366	562.4942351967505
[[0.16626766]]	1.7839844529716677	730.8916800243115
[[0.16499127]]	1.6680989206764991	828.0761436174776
[[0.16217694]]	1.8247070136263128	822.125157662036
[[0.29240684]]	2.516329561496538	896.085794509025
[[0.18096934]]	1.5896722271663304	675.9113338021189
[[0.14902195]]	1.71818759538276	664.9183784689758
[[0.15535327]]	1.6770942849115973	624.8336557989377
[[0.16251055]]	1.553943554191745	656.6470122640294
[[0.16487229]]	1.5532357590874846	464.89171871617776
[[0.17537674]]	1.5476183376251003	538.3789793127065
[[0.17556776]]	1.4201459373268535	505.53900718394857
[[0.18182416]]	1.4315867523719095	499.89058932311355
[[0.15170855]]	1.5676332102955757	542.4252646573524
[[0.16739155]]	1.490726965527892	534.2210439893495
[[0.16424926]]	1.6130706600309819	535.22065064655
[[0.16694104]]	1.7178374427782712	590.1610363961606
[[0.17936315]]	1.6422943589521262	590.1776835441457
[[0.17044626]]	1.6531753043247648	543.4273371838289
[[0.17475686]]	1.7342964876630573	711.2324608742251
[[0.14355714]]	1.5242292671295525	610.3129982419538
[[0.19794371]]	2.060219280910598	665.3794679524356
[[0.17798887]]	1.4373726964781655	449.4106379919433
[[0.16663346]]	1.3736842444114723	477.2371457664756
[[0.16025159]]	1.581717958375594	578.2590019444144
[[0.17950142]]	1.58823416727196	583.9688591376765
[[0.16895498]]	2.086126828695115	744.3750220632261
[[0.18752885]]	1.4340247132865844	496.9528392195244
[[0.13392702]]	2.1953706963479243	874.7333067808249
[[0.178759]]	1.7618630472527983	622.8843793566585
[[0.22438974]]	3.1340511850814554	1106.2293516845396
[[0.19010778]]	1.3755248861773135	474.8866002532258
[[0.17811747]]	1.4679576838670274	480.7351832104656
[[0.18400992]]	1.5628434222619827	492.5833992210231
[[0.19284875]]	1.621054888402851	580.2884851753619
[[0.19155521]]	1.4944475710098113	525.8280630844549
[[0.17344183]]	1.6243167377986756	575.05525408202
[[0.18263139]]	1.5942354458676071	635.183645905234
[[0.19102262]]	1.6566281460503103	602.8094271887986
[[0.17709046]]	1.6436799895795144	561.0146298915918
[[0.17741801]]	1.7705120038310493	653.7484753729769
[[0.17641775]]	1.7030692417536626	577.1990385094625
[[0.19900209]]	1.4197002885575043	503.1776055046614
[[0.18330684]]	1.570312720333133	607.8766389859205
[[0.2041338]]	1.4964005612049003	618.9242342648757
[[0.15985423]]	1.8507231648924356	713.9467610511849
[[0.17380613]]	1.6738698849921887	616.5262895594375
[[0.18160418]]	1.5307922878714382	566.9650826658819
[[0.1700891]]	1.7119915795097498	636.1245935744201
[[0.18103498]]	1.6183098417815658	595.8982330238542
[[0.16269942]]	1.6443353554167925	710.4509360356533
[[0.15467539]]	1.6090785458450474	530.1082700533545
[[0.16109859]]	1.6717839491558233	741.7950417851788
[[0.17817419]]	1.623846746869656	712.7616950820166
[[0.14013497]]	1.648338704445652	723.6859771193706
[[0.12504043]]	1.6887148574434498	687.7852984202239
[[0.13510019]]	1.8177769880155514	694.2273263390646
[[0.13739543]]	1.5365520173442029	567.7473380117452
[[0.13720499]]	1.6960811694544564	908.5400338017354
[[0.18362469]]	1.6467021623262772	998.6064538789698
[[0.18387832]]	1.7140924951366816	921.901860576293
[[0.16407357]]	1.7554835289453503	1062.0611192869092
[[0.13333893]]	1.3541281278270916	373.10384897080434
[[0.13387082]]	1.563433251515533	592.7240904972335
[[0.12594566]]	1.3109956933650837	412.6232427901768
[[0.13046567]]	1.3390472236744104	451.4492462134474
[[0.13886657]]	1.498010888690784	571.1060949015009
[[0.15550392]]	1.4803796751941802	609.163365851455
[[0.13921964]]	1.4051998512892694	429.9203513234822
[[0.11086294]]	1.4066603808694893	444.81501578560335
[[0.14270218]]	1.4340247132865844	378.08001198215266
[[0.08673044]]	1.5834219095525173	975.0344708241378
[[0.08484437]]	1.387703455907763	593.7104664010578
[[0.09018119]]	1.455698597762284	552.7456705905665
[[0.10049588]]	1.3985638040683728	366.39148008910365
[[0.09152712]]	1.5984485119643954	667.7546317536721
[[0.08805255]]	1.517053947448267	592.8874493558014
[[0.10313821]]	1.325728317387097	424.6613456460138
[[0.09985693]]	1.6077659416966703	677.2182535461444
[[0.07106814]]	1.45439348350919	709.15649429335
[[0.15089592]]	1.5949788179744628	744.0468901610728
[[0.14091749]]	1.6629496176693135	920.8321106869352
[[0.10779405]]	1.7474506162541408	946.2618746415822
[[0.17461764]]	1.7475760720001339	839.4455441273437
[[0.17255288]]	2.1211739211989307	808.3031342021761
[[0.23013233]]	2.614100782049338	942.0381135700004
[[0.19721047]]	2.171638963143171	804.4152776620351
[[0.21270033]]	3.5230482589824685	1676.9246999356747
[[0.2118445]]	3.5254674951589355	1536.2842037027867
[[0.1845148]]	2.1389699123917647	975.4567150198918
[[0.12731149]]	1.5700037621527019	548.2932814938601
[[0.12957435]]	1.5571211422656337	816.3996396821581
[[0.13838751]]	1.4783218264651266	707.12777772199
[[0.11636147]]	1.5339867282097142	592.373926041992
[[0.13020322]]	1.4389661716996618	455.6694124659906
[[0.15650516]]	1.5698090248753391	695.2727671357592
[[0.18002085]]	1.7123042826378225	733.9131713335202
[[0.1975882]]	2.3223637433480477	790.4364611371919
[[0.29892863]]	3.05117923872072	1268.6481327958356
[[0.33784136]]	3.4337930493666438	1598.5190318296522
[[0.27385206]]	2.969777184309308	1262.078786129614
[[0.2093389]]	2.512052831289843	1052.796519569018
[[0.19474781]]	2.2674665558699862	925.7554306927577
[[0.18816913]]	2.2993098456664223	1044.5651386020177
[[0.12758015]]	1.5909305295739045	706.9305569037168
[[0.09285918]]	1.4478267178196627	524.0569444188825
[[0.13895286]]	1.580942754213785	831.9900539145069
[[0.09648788]]	1.4521614947148027	746.6244085217726
[[0.12524072]]	1.5485995139071966	561.498788317326
[[0.12203967]]	1.5247367075349878	630.7721684082323
[[0.14747915]]	1.5710954143902252	791.7170947627665
[[0.11691819]]	1.5098954800313684	623.4419328970492
[[0.23692596]]	1.6709600606746737	875.5817950872888
[[0.12816111]]	1.5505525041022856	574.5400379700367
[[0.11561882]]	1.6473650180588386	713.9227139347747
[[0.14414425]]	1.6915759974416242	721.8962146675786
[[0.11689376]]	1.6375289130782036	756.5796891099652
[[0.12099286]]	1.7219587576578406	766.6817297817527
[[0.20453402]]	1.9102172756005484	935.6871996813203
[[0.1793181]]	2.0047959282888934	876.8746272330262
[[0.15910522]]	2.6488127017392316	1083.6793277358483
[[0.13363427]]	2.31836413926683	1019.5169381271465
[[0.29849028]]	3.019815302222407	1192.2521045182732
[[0.17467029]]	2.3408881268571706	960.5990460272176
[[0.17691329]]	2.0986181015536367	837.6818020823694
[[0.24087566]]	2.991982851350113	1339.2842559891346
[[0.18465736]]	2.749488129188084	1139.743849579235
[[0.20320741]]	1.608627279654236	587.8242883981434
[[0.1868184]]	1.405686694482676	511.59765384998207
[[0.14081582]]	1.8151667595093635	678.3350516344211
[[0.17927812]]	1.8030930483128786	1016.5616268995991
[[0.14725846]]	1.7289955142763873	1023.3937548645708
[[0.18099399]]	1.8522604658993083	1174.5156016656244
[[0.16322635]]	1.5309289784603561	783.3384535785168
[[0.19028301]]	1.5769731097137	788.842631191886
[[0.17523853]]	1.5503015926102992	680.6310832664936
[[0.19946166]]	1.516503440144953	757.4506342962377
[[0.16445719]]	1.5918723839057642	898.648651085927
[[0.15580706]]	1.7010020306555051	578.973228204894
[[0.15881324]]	2.0483234547270888	738.2937238814641
[[0.15853534]]	1.8155000598494648	649.5189175150666
[[0.2067624]]	2.450487764535931	1013.499900790833
[[0.26696507]]	3.359040149492874	1587.249575251693
[[0.27061973]]	3.1465892697854976	1333.6699340655705
[[0.20147004]]	3.3684399680732637	1519.0423984018682
[[0.23296147]]	2.9382110206383496	1170.8909088835717
[[0.18392253]]	2.655561097389376	1139.3933520195471
[[0.18550104]]	2.197872321372506	840.2093392980815
[[0.16924864]]	2.3703196703724227	1008.3675052760558
[[0.17335516]]	1.4191385464112658	465.77019797813585
[[0.17957455]]	1.424126816669863	397.86510226631765
[[0.11249906]]	1.3052958830545842	514.9410128403448
[[0.11845742]]	1.5851333506247238	793.3293055268663
[[0.12795133]]	1.5500169765895382	604.2708117611821
[[0.15675362]]	1.5787201277885017	763.2940538869192
[[0.1631811]]	1.451912455696637	718.1403388975982
[[0.1900428]]	1.4883021119299629	597.4863575037455
[[0.14673825]]	1.36420765440443	496.97243248297724
[[0.09995716]]	1.366825372805901	611.957633745539
[[0.15912498]]	1.7865778292134686	1017.3486890226008
[[0.14146712]]	1.5273488085149967	568.658379924874
[[0.1039866]]	1.4560244082071023	510.1109677908785
[[0.12614987]]	1.5344997860366119	539.3712608337443
[[0.16603583]]	1.4612710798529693	386.1310911213923
[[0.13807096]]	1.410332302032068	387.32436571553467
[[0.17055953]]	1.5357749407085732	538.8928636982304
[[0.16524225]]	1.5213550198146324	480.31781843707574
[[0.16628632]]	1.4667798978337476	529.4491580984211
[[0.1252109]]	1.6200886919113209	787.6601994662667
[[0.1629969]]	1.5660921643410615	592.4430907396427
[[0.12593327]]	1.4339779014410645	599.853021339438
[[0.12453066]]	1.5279854496140668	685.5477249027184
[[0.16860871]]	1.5669797169321182	508.7820925256176
[[0.1599593]]	1.5392764667534593	690.3911171242427
[[0.18095283]]	1.421582124747403	487.67767741248605
[[0.15294624]]	1.5147526771225102	677.5425935099199
[[0.15332019]]	1.398898976882295	498.44043601722524
[[0.17315826]]	1.375202820680137	477.46353276153286
[[0.17832749]]	1.3922367150279071	436.07646433996644
[[0.14244463]]	1.3571203409927217	469.2256006205567
[[0.14768212]]	1.4202807554419505	420.8733714691712
[[0.16286666]]	1.4390260908619272	492.54564839130813
[[0.16675445]]	1.3619288537645227	433.4707374561573
[[0.15165564]]	1.428068374062636	447.1015848663308
[[0.10318442]]	1.4566591768323518	747.1861907505248
[[0.1433944]]	1.4459935659491046	528.979422474462
[[0.14711588]]	1.6863761376412771	982.6444505051961
[[0.16378037]]	1.5981564060483515	857.0933170640578
[[0.13233796]]	1.5464180819059707	789.2453907216992
[[0.15035058]]	1.4574175287297737	655.9477213596343
[[0.15954271]]	1.7037002654312705	750.4659393403458
[[0.1275074]]	1.592274965777235	781.0637995335107
[[0.10169056]]	1.4518431741652675	606.2026412449638
[[0.16279141]]	1.600852768350296	800.6027234040907
[[0.18326252]]	1.42727631763644	507.78021838478327
[[0.11035463]]	1.4355451620290698	733.3035892315513
[[0.11812392]]	1.4469560174929932	692.3675514901548
[[0.1542652]]	1.5839555645914438	986.179218134976
[[0.13590343]]	1.6249664862144912	919.6698601302517
[[0.1143438]]	1.6439683505479168	840.3188416544399
[[0.10780656]]	1.4868471997712054	786.7066635172363
[[0.13354577]]	1.4553315928934083	756.5098735644503
[[0.18046504]]	1.4888694714976638	829.0838501884175
[[0.15794747]]	1.5180501035209297	662.9967419244604
[[0.16613982]]	1.6770456005922567	932.4253459128892
[[0.14839291]]	1.6582122589027026	854.4812018269467
[[0.12334998]]	1.4453531799023929	687.0398604742745
[[0.10050131]]	1.4668416894698337	611.4293301471821
[[0.13703747]]	1.5533256378308826	694.0647214372719
[[0.14404246]]	1.5254220329533987	768.5786792194673
[[0.20248623]]	1.5416900855084639	547.2201539235275
[[0.12011236]]	1.5309008913530444	968.9595068009799
[[0.17764173]]	1.568689285530504	1009.1252192320825
[[0.21374223]]	1.6323646302804515	973.6192436372935
[[0.129951]]	1.4168784705095665	494.84241280209596
[[0.13308126]]	1.494689120132694	607.1797766238698
[[0.14956278]]	1.607548734733458	772.9241945929346
[[0.19298522]]	1.5985140485481233	956.6159028952354
[[0.14712993]]	1.578916737539685	803.5135934708993
[[0.10757424]]	1.3723810026321992	467.78787282396604
[[0.12809976]]	1.5724529579103015	847.2244593957934
[[0.14149475]]	1.3947271052095642	620.9323044328124
[[0.17965311]]	1.6944034329110245	721.3117849991573
[[0.13272465]]	1.571853766287647	709.4043526016883
[[0.14238565]]	1.665410048269838	1234.0788810746462
[[0.15021771]]	1.4404285737537026	398.34380150007473
[[0.13609403]]	1.3434325573627117	413.0664349448618
[[0.12994423]]	1.4124332176589998	636.2811886115601
[[0.12056734]]	1.529552710202072	643.1149659751244
[[0.18472501]]	1.4542830075537632	571.6975945963219
[[0.13506895]]	1.3724989684829092	466.660994768105
[[0.16238985]]	1.6356789089432582	780.2957138427395
[[0.13827756]]	1.5047124724954084	675.9255663668139
[[0.12473431]]	1.3609907443803044	540.5504790724955
[[0.13356655]]	1.5351158299236534	564.3712276893492
[[0.12920401]]	1.6343138755278988	1015.3113265222931
[[0.18281051]]	1.553477308210367	565.4664334059088
[[0.17072525]]	1.540802532917407	543.2129427590238
[[0.1431016]]	1.5512865138400371	675.719606297294
[[0.12349201]]	1.3738209350003903	588.1866201773955
[[0.13356318]]	1.362973694156526	434.1977732134374
[[0.11825323]]	1.4204661303502093	511.84904203905836
[[0.15243051]]	1.5818209444357378	847.6417061861063
[[0.11808182]]	1.4636940609770779	613.8215971534263
[[0.1738872]]	1.6627043235987895	766.1161828158946
[[0.13257341]]	1.4831902583991932	678.5734276780097
[[0.12555755]]	1.5207408484014118	618.1677142385482
[[0.12587864]]	1.5079705769435914	610.0006157763152
[[0.14349226]]	1.368604222935656	506.8641467956951
[[0.14918032]]	1.5569975589934613	806.3478582855298
[[0.14170792]]	1.478256289881399	518.2451567898482
[[0.13855019]]	1.391892179844881	491.2459176820876
[[0.11401551]]	1.5502323110789298	688.2474704899174
[[0.14756866]]	1.5830193276810465	608.6921026112366
[[0.14108157]]	1.4184813081001668	537.3180230375619
[[0.12861909]]	1.4824113092897424	577.4103852975414
[[0.12026125]]	1.4574830653135014	571.6914280456983
[[0.12753105]]	1.4573538646198667	578.0005882428475
[[0.12705446]]	1.4673247877155988	585.6051154282322
[[0.14533111]]	1.5128689684587906	731.5711038427088
[[0.12102467]]	1.459814295220391	1117.9308041510837
[[0.10111008]]	1.417631204985526	662.0660741247216
[[0.13760228]]	1.3768786847497483	445.99594485150556
[[0.13179225]]	1.5379095608642792	640.4478277140817
[[0.13504711]]	1.51915860802284	701.2984559856638
[[0.13206354]]	1.5002391325375297	728.7981131212285
[[0.16009253]]	1.4582058402083282	695.4891928286235
[[0.14777427]]	1.4803141386104524	467.31366882119886
[[0.17069553]]	1.4448251422849288	446.2525031611023
[[0.14630435]]	1.4726931701598176	504.9559019698032
[[0.15578431]]	1.2897637127110915	377.76412010322434
[[0.15151796]]	1.4065218178067505	469.609780053724
[[0.13459133]]	1.370684541350559	569.225403369833
[[0.15529756]]	1.4343168192026283	521.9869548606545
[[0.1450496]]	1.519761544593136	914.3513477092476
[[0.09626442]]	1.3385266759522294	647.4861553000607
[[0.13965659]]	1.3953244243583978	511.9911891208618
[[0.09005771]]	1.5241412608599751	856.2086569579603
[[0.09930918]]	1.4987074489521195	887.2205019657966
[[0.17422488]]	1.5912806821783931	1012.2732116979945
[[0.11206751]]	1.4474840551104573	637.7782369224766
[[0.17507585]]	1.5333781742179557	924.7939396614887
[[0.18217527]]	1.517052074974446	976.2185482410209
[[0.15092022]]	1.7055165650374415	943.5593341883645
[[0.20594007]]	1.5535728043752275	944.216384067563
[[0.23452164]]	2.4640519648937684	1334.573622580612
[[0.20240623]]	2.466802628936516	1041.5070027722063
[[0.20253055]]	2.1471732202006666	1086.9091036546056
[[0.12426571]]	1.781482827947086	906.1937156205868
[[0.15591397]]	1.794831693815532	964.1983679644953
[[0.14270981]]	1.5042630787784177	848.8944328468951
[[0.11728916]]	1.4991699499858557	788.8787675206316
[[0.14442854]]	1.6037700825630943	671.0172481941331
[[0.15680707]]	1.5654068389226508	806.7049562952864
[[0.08444016]]	1.57122461508386	908.4405886193168
[[0.1172225]]	1.5478074574810003	858.3401971510551
[[0.14333142]]	1.5115095524648934	679.796451792419
[[0.12798236]]	1.6177892940593848	713.827474388838
[[0.14761933]]	1.4667237236191237	706.6996571997981
[[0.13735402]]	1.5359359734571616	601.9065754674026
[[0.12443013]]	1.554089607149767	829.6857416313198
[[0.14937044]]	1.546689590609986	776.0238539439516
[[0.1617291]]	1.5758852024238184	806.2194612303281
[[0.15983856]]	1.5025872147088064	725.3159016827146
[[0.14760884]]	1.4761946962047037	687.8219631666473
[[0.1297998]]	1.505262979798722	667.1435076309172
[[0.13923012]]	1.5137340513639976	737.6973204520862
[[0.13561819]]	1.5574619325010184	809.8746811371993
[[0.12830925]]	1.5420215133747446	545.171451213522
[[0.16302841]]	1.8543089522592577	553.188374249625
[[0.14836283]]	1.6218469448290471	744.6235439244031
[[0.14908538]]	1.3477954213651635	503.72477455124834
[[0.17514364]]	1.5742524052520852	459.11735030811985
[[0.18409268]]	1.607496305466476	476.3802059230721
[[0.16284564]]	1.4298809287211656	554.0358348220659
[[0.15607604]]	1.5665097260030987	577.9808074080033
[[0.14276674]]	1.5171213565058155	757.5707736280731
[[0.15851798]]	1.3545719041226199	743.42042353877
[[0.11768299]]	1.3042791297698928	665.23802051578
[[0.12353916]]	1.4727062774765631	713.3713202174602
[[0.11467622]]	1.5022276997352138	652.5543913463787
[[0.11351725]]	1.429356636051343	664.6533755978654
[[0.14175324]]	1.5793829835210629	853.8473372580731
[[0.15331748]]	1.4537418626195535	781.1797251201509
[[0.19225787]]	1.7707760226397815	729.5124784209289
[[0.17827374]]	1.8272554504964147	745.7908984859938
[[0.1856641]]	2.55603162391885	1035.4691382112574
[[0.14216966]]	1.9993526468918428	802.4119279319909
[[0.22538807]]	3.1879128945366175	1394.332268975109
[[0.17315564]]	2.767439535708044	1130.2815268714971
[[0.18140642]]	2.873249286373516	1261.2902066716758
[[0.1789213]]	2.2935107942434207	876.1266885798684
[[0.18725976]]	1.7377661816529901	657.0245212964907
[[0.26293502]]	3.7207215752961327	1808.1855824913157
[[0.2469238]]	3.5467537775537306	1632.0146055825196
[[0.23350248]]	2.8153842278894947	1174.747042564778
[[0.20474388]]	2.873056421569974	1206.510503758474
[[0.19926893]]	2.7229888796761963	1191.2216084201277
[[0.17817441]]	2.6290243984010724	1189.8296044449392
[[0.20911906]]	2.797009642286035	1128.9345938198603
[[0.17939394]]	2.7396988360529693	1153.2234322367872
[[0.18367809]]	2.3438597428107717	996.1093834107982
[[0.19334221]]	2.841696230019303	1170.3859232197328
[[0.17040408]]	2.3301026776493927	966.2141869552905
[[0.17871051]]	2.620944673864343	1168.8196591130359
[[0.17282335]]	2.515054406824577	1107.6374722357075
[[0.19961735]]	2.9919734889810092	1340.020074188725
[[0.26359759]]	4.295239610413852	2166.36856662311
[[0.26562633]]	4.085339040050398	2095.7938294561336
[[0.20772492]]	4.476845228871277	2403.250655263773
[[0.22942791]]	4.268156149069877	2101.789281082015
[[0.2142231]]	3.6730128148161025	1691.7334958427984
[[0.19207438]]	3.291846426433653	1453.0506496648054
[[0.26188249]]	4.880735959542891	2578.384162151644
[[0.20785939]]	1.4606643983350318	592.3224109373074
[[0.16669572]]	2.1617373215788085	959.5736179823291
[[0.15525915]]	1.6526753538146126	726.8246877312719
[[0.13529483]]	1.7218838587050087	783.5975252252376
[[0.16186087]]	1.7387398680398034	729.6709783072154
[[0.1964594]]	1.3632208607008711	515.4511311159216
[[0.18754028]]	1.4272145260003537	569.3965036545001
[[0.19455168]]	1.3997809120518894	560.6869872677019
[[0.18832821]]	1.362973694156526	529.0314660229689
[[0.19401376]]	1.4690680608427589	533.947142943884
[[0.19112977]]	1.444785820334692	541.6504361064049
[[0.18685823]]	1.3972212403388629	577.5570684837977
[[0.18898293]]	1.4870681516820592	538.1793856189398
[[0.182672]]	1.4141390413097437	526.5691764884638
[[0.1736629]]	1.3437190458572934	541.6355038551353
[[0.20430644]]	1.3528305034692807	535.5075206123524
[[0.18417805]]	1.4175169840824575	536.306166258536
[[0.19000151]]	1.3621048663036774	490.0495573231419
[[0.1892235]]	1.3496004861284097	474.3953699332089
[[0.19595145]]	1.488684096589405	619.2383655873464
[[0.19442039]]	1.3351655854439028	505.16128982447685
[[0.18642889]]	1.41043154314457	535.8973805891849
[[0.17536607]]	1.4112910086283148	569.6411536838717
[[0.17855884]]	1.367437671745301	545.4684149935667
[[0.1887924]]	1.3891003213780757	529.7547496153643
[[0.19267532]]	1.3734614200267978	541.9459735141221
[[0.19049312]]	1.2920556206677443	468.839512675933
[[0.18738663]]	1.3529072748959334	505.0616708140552
[[0.19819014]]	1.334306119960158	487.19570464941177
[[0.15488729]]	1.2940460603392492	456.2524676763878
[[0.14244334]]	1.6049703382822238	770.1777236179543
[[0.13492943]]	1.5535634420061237	700.1217761874017
[[0.14135822]]	1.4490119937482258	710.5797380604445
[[0.15149224]]	1.5851370955723654	745.4254948841851
[[0.16146067]]	1.4954437270824743	661.1515469465347
[[0.14822914]]	1.455078808927601	702.3123223301374
[[0.16060742]]	1.4049152352685086	539.8886843213123
[[0.16742088]]	1.4010822813573416	479.59290001825593
[[0.16259543]]	1.3091850111803751	519.5562570005532
[[0.1773129]]	1.4290813823996862	504.4993581697364
[[0.19398909]]	1.3823144762515156	543.909420936753
[[0.12751951]]	1.4001516618684067	561.0696748363987
[[0.18041778]]	1.41092587623326	501.16078210021817
[[0.16332661]]	1.3828069368663845	539.8183441183468
[[0.14821844]]	1.354143107617658	526.0877879761113
[[0.19217108]]	1.360840946474641	502.8182244303641
[[0.13752666]]	1.4410277653763568	571.4025778327276
[[0.1098249]]	1.4666993814594533	727.9442863007572
[[0.12332518]]	1.4668061124672387	657.0397139107031
[[0.16253401]]	1.6105765249016832	942.7556862086067
[[0.12643048]]	1.4711783388387945	704.184386620158
[[0.13587336]]	1.6988337059710248	726.6115005187899
[[0.15214295]]	1.5835361304555857	778.2986831971332
[[0.15294841]]	1.458801286883341	735.0997273259001
[[0.1623421]]	1.544199200428329	763.8917728623182
[[0.14409352]]	1.570312720333133	734.5578569130439
[[0.14868615]]	1.5023231959000742	808.7441488265483
[[0.17109899]]	1.4876916854643838	941.17949460859
[[0.16846667]]	1.6568921648590424	792.6286800620458
[[0.16947283]]	1.4515491957754028	703.027049895507
[[0.15851974]]	1.451775765107719	705.9366784642893
[[0.17711842]]	1.4827371197345607	711.4371430665454
[[0.16056953]]	1.4903431083946292	751.0863329333317
[[0.18862043]]	1.5945706186815294	614.447638507151
[[0.1954765]]	2.2792500336242476	964.8782313094972
[[0.19032276]]	1.7609399176591465	736.8812770814095
[[0.18765764]]	1.7250539568836143	714.2267105515383
[[0.1970169]]	1.7437674602486375	674.8060209691389
[[0.17863604]]	1.529069611956307	584.9197410799927
[[0.19842134]]	1.64623778881872	653.9261104710306
[[0.19974368]]	2.088752036991869	784.5759018152802
[[0.20839944]]	1.371480342724397	565.9454182278909
[[0.19155446]]	3.2042296314110232	1460.8649886262003
[[0.18409277]]	2.9872174054761906	1375.0888372773518
[[0.17943547]]	2.736798374104558	1306.7108100498313
[[0.17120648]]	2.5692999734130018	1228.2886896187117
[[0.16559689]]	2.481402307317253	1125.1432706549256
[[0.20164609]]	3.515144546984894	1701.2725215365192
[[0.18491709]]	2.3714375372434375	1012.913059919852
[[0.17372536]]	2.5845138232069593	1145.8251477914307
[[0.16347472]]	1.8254129362567526	942.3631921255723
[[0.18417008]]	1.3892145422811444	564.9649444361404
[[0.19251382]]	1.7541222404776327	796.6882980806997
[[0.19986737]]	1.4216757484384428	568.3883364821037
[[0.20299053]]	1.6189539727759192	685.744959689452
[[0.17912126]]	1.8834633696490326	761.5345659782196
[[0.19888351]]	2.9795196655989034	1125.0077650780336
[[0.21059431]]	1.4702683165618882	736.2898010479466
[[0.17381893]]	1.6075880566836949	577.5316588689943
[[0.16702438]]	2.1881167327661655	932.547431475705
[[0.17906468]]	2.732038545652098	1182.7421652149876
[[0.19547634]]	3.6571941559780283	1777.7535904321069
[[0.18669445]]	1.3323194252362947	536.2648355702878
[[0.14796138]]	2.1049695327537727	938.2407409715846
[[0.19199995]]	2.6723141206640273	1395.9603300316146
[[0.18550567]]	2.9533593338485793	1321.8349420051989
[[0.15385936]]	2.512461030582776	1097.216842064014
[[0.16265784]]	2.3532352192314914	952.9544638943448
[[0.18299216]]	1.394582924725363	495.86407262848627
[[0.16959596]]	1.458217075051253	689.9316892330492
[[0.18113168]]	1.7030973288609745	722.7501790282847
[[0.19287814]]	1.517709313285545	611.8940385019208
[[0.15813342]]	3.1010263643040976	1378.8147816011146
[[0.18091898]]	3.573788554578366	1650.1221691457522
[[0.1954581]]	3.6591977029662783	1750.2042133528673
[[0.20026764]]	3.8113118587461847	1809.5255971393894
[[0.19316855]]	2.0026388384473375	839.5537870928257
[[0.19506884]]	2.9657757077542697	1274.0676493052285
[[0.20269732]]	1.379245491659233	600.2066210804512
[[0.13602693]]	1.6863068561099077	620.8480260247817
[[0.12271309]]	1.5021640356253068	582.1848025043043
[[0.11699322]]	1.5212819933356214	561.9714734636793
[[0.11876204]]	1.5154286401718169	602.0838714550929
[[0.11603335]]	1.364080326184616	552.0139511486335
[[0.11842831]]	1.5825512092258478	580.1133060050768
[[0.166544]]	1.6115389764455719	673.8569679636836
[[0.15207426]]	1.5628921065813233	524.0225873179589
[[0.18416578]]	1.6603131745296345	583.5129545134565
[[0.18970747]]	1.6528045545082475	549.5825900369593
[[0.18829492]]	1.5761473487587296	551.2760321059292
[[0.18931348]]	1.5110620312217236	506.5088953545897
[[0.16342617]]	1.4530565372011426	510.28324508487617
[[0.19228613]]	1.7963240554507054	834.9454340235314
[[0.1154438]]	1.6446518034925068	622.2878889850512
[[0.15720488]]	1.5740333258150523	892.098952303461
[[0.15005708]]	1.5093225030422053	808.0141605253125
[[0.16917435]]	1.6241725573144743	860.8157156120437
[[0.18308478]]	1.598278116846703	820.099418378114
[[0.20283671]]	1.5939246152133553	963.4207699532845
[[0.17492537]]	1.5979747760877343	787.1471855040346
[[0.114493]]	1.3510516533395258	567.1151336769162
[[0.15539429]]	1.5423941356650828	806.4350313234776
[[0.14940713]]	1.6468706849701487	826.6975802053679
[[0.18029671]]	1.6721303568126704	938.2248105054268
[[0.14997898]]	1.6341734399913392	735.9397472471601
[[0.16982071]]	1.7514764349688494	796.14252429695
[[0.20936348]]	1.7777378803054964	934.5591362227833
[[0.22182145]]	2.0604832997193303	861.7317426784352
[[0.14054675]]	1.996311749406872	862.0850885746371
[[0.17430162]]	1.7715437369063072	694.315440706599
[[0.16822881]]	1.645234142850774	619.6762522112552
[[0.16431813]]	1.8048007444374434	740.6848748997602
[[0.17760459]]	1.8817556735244676	789.0652990209031
[[0.13553872]]	2.10830815357625	886.6734868468665
[[0.13312724]]	1.7896262165937225	794.5785448844317
[[0.12081926]]	1.5473168693399522	620.335041667989
[[0.19524407]]	1.5677155991436906	649.9900153992867
[[0.18403413]]	1.6305839076768756	748.3429838671078
[[0.1659676]]	1.5956828681310815	572.4758916600795
[[0.16420595]]	1.4873377879122536	572.8587385848996
[[0.1615378]]	1.6228505907969932	572.5347354465689
[[0.15682312]]	1.5880001080443606	554.1859068416107
[[0.15303959]]	1.4360057905889851	538.3977318064636
[[0.14459603]]	1.6720404780692721	640.6930486270502
[[0.17286776]]	1.5892752627163218	541.174174933745
[[0.16607294]]	1.3660632759608375	518.4986016945132
[[0.13014099]]	2.2621412403236456	975.7037546862979
[[0.18761647]]	1.575186769688662	839.244577868752
[[0.14948329]]	1.5834949360315282	678.7020482174933
[[0.22195089]]	2.9559115156663225	1151.213810642388
[[0.17435201]]	1.7466829019876149	656.4357228550209
[[0.30327506]]	3.691102784398801	1793.7217066384098
[[0.14858633]]	1.5632291518690664	561.9899612811042
[[0.16405621]]	2.238132380993415	827.663237106067
[[0.19728509]]	1.970080263651358	988.9370150024171
[[0.17352049]]	1.5577147164668257	554.1660233791225
[[0.1777688]]	1.8571700922574321	641.1914003841595
[[0.17361275]]	1.6074700908329849	610.0369387406364
[[0.15314068]]	1.9994387806875993	986.7038870140722
[[0.13501565]]	1.5511666755155062	598.3061960228205
[[0.18427832]]	2.0513269027356436	818.0037270100414
[[0.18949974]]	1.6339581055019479	584.6117842957967
[[0.18516295]]	1.6184203177369927	562.8172739933844
[[0.18158082]]	1.4797093295663355	548.7859656558675
[[0.18113516]]	1.6233467963595039	548.5685673566774
[[0.18499068]]	1.6257847572741786	559.4800241275256
[[0.19037011]]	1.6652602503641742	717.1121145996925
[[0.17143647]]	1.9526362975368337	746.252947768146
[[0.14472033]]	2.4162289835106696	962.7779020626923
[[0.14488162]]	1.9595288736711791	834.4200060561607
[[0.14758636]]	1.8860099340453134	732.1538452720874
[[0.15197377]]	1.8152697455695073	708.7795918224709
[[0.15206932]]	1.6530217614714595	687.6204168628767
[[0.15236252]]	1.8143072940256186	714.9991037777253
[[0.15600803]]	1.728141666214105	733.6046896367686
[[0.15330271]]	1.7885046047750666	788.5044974828685
[[0.1816063]]	2.100503682691177	859.7986532906032
[[0.15423742]]	1.7946444464334526	623.6060741505539
[[0.16105583]]	1.6244964952854717	541.2007163355019
[[0.16090011]]	1.7837616285869933	525.4382167431734
[[0.16549415]]	1.832882234327903	609.9114352207614
[[0.16261441]]	1.7083102959780674	585.4472614499251
[[0.16048882]]	1.8178331622301753	549.034004179445
[[0.16082646]]	1.8208178855005221	543.4897972847313
[[0.16125903]]	1.520903753623821	458.0535882925536
[[0.16163618]]	1.7397697286412406	503.6922961644133
[[0.16154906]]	1.7710044644459184	523.5488959455279
[[0.16271402]]	1.6240714437281514	515.2163660023122
[[0.16143963]]	1.7831212425402814	531.6012599313249
[[0.16174371]]	1.7966161613667495	537.5692871525869
[[0.16351928]]	1.6440825714509852	526.4520761890501
[[0.16234302]]	1.7568335825701433	524.6623002067909
[[0.16353817]]	1.7923693907411868	540.7798738980766
[[0.16370563]]	1.631126925084906	520.816246162595
[[0.16348893]]	1.7672145774326298	524.5717330940386
[[0.1626065]]	1.7899426646694367	525.0652605591312
[[0.163028]]	1.660809380092145	545.4392298481198
[[0.16456354]]	1.7680908951807617	517.4935168261802
[[0.16433847]]	1.7799361645711096	514.3387409095872
[[0.16307532]]	1.6335030943634947	521.3337337530322
[[0.16388234]]	1.804064862225871	534.6437565731557
[[0.1646245]]	1.805270735366463	524.1835720723999
[[0.16636786]]	1.6642884364511819	524.7178236810885
[[0.16561246]]	1.7844563163745082	512.926989773774
[[0.16580058]]	1.802158683876302	509.3430694174916
[[0.16666689]]	1.656193732123886	510.5173581308889
[[0.1674517]]	1.802623057383859	519.1537021402352
[[0.16631609]]	1.7822187101586584	517.7252512300219
[[0.16571268]]	1.6549129600304624	513.5586602874004
[[0.17009541]]	1.7120758408316856	472.11594416622455
[[0.16872494]]	1.7392304561808516	480.5197874854407
[[0.16888457]]	1.6051014114496793	494.7631286196754
[[0.16863732]]	1.7691806749444643	511.4343924778299
[[0.16851033]]	1.7851659839525893	510.125183460618
[[0.16751709]]	1.6070600190662307	495.4746245828604
[[0.16750401]]	1.7703453536609985	506.4828398020102
[[0.16790325]]	1.8002206734717794	515.6493751511404
[[0.17029081]]	1.6007104603399156	485.0280439898672
[[0.16855981]]	1.7349986653458553	492.73002837261197
[[0.16848804]]	1.760378175512908	499.4583910836371
[[0.16762947]]	1.5983268011660439	496.06138030082695
[[0.16922521]]	1.7613237747924093	518.6860897779217
[[0.16825833]]	1.7858681616353873	509.2318777462694
[[0.16839019]]	1.6572254651991438	511.9690249011295
[[0.16824363]]	1.7677014206260364	509.2533142948465
[[0.16864896]]	1.7785598963128253	513.5541117937448
[[0.16794735]]	1.6521716583568187	525.4685131139316
[[0.16821066]]	1.777065662203831	535.5198679432585
[[0.17045696]]	1.7259284021579255	500.195523658649
[[0.17157912]]	1.5787781744769462	478.6785988090878
[[0.16838425]]	1.7543357024932031	500.75164046890075
[[0.16892992]]	1.7524463764080211	514.1723945082198
[[0.16887881]]	1.612222429390162	507.3790617407175
[[0.17071603]]	1.752438886512738	512.2263864451728
[[0.17812577]]	1.8124029881498704	619.8604157874515
[[0.18291199]]	1.66287097376884	611.0764153526637
[[0.18071728]]	1.740001915395019	564.4235015201681
[[0.18451825]]	1.7443741417665748	545.5397457218613
[[0.19762179]]	1.8194921740353993	785.5404395324039
[[0.1897737]]	1.8774527286842813	731.0057735256263
[[0.18834195]]	1.6283800059898001	608.4640201216303
[[0.18577366]]	1.400176004028077	527.4496492083805
[[0.18517728]]	1.6600585180900065	573.0811495392184
[[0.18058439]]	1.6411427875523374	565.6053506820392
[[0.1857024]]	1.6913831326380824	648.0182406505221
[[0.18397684]]	1.6974948871891566	560.0366524541263
[[0.18267812]]	1.7877668500896733	621.776309084828
[[0.18297304]]	1.6521473161971485	613.4103632652715
[[0.1819665]]	1.858729862950154	657.4908980734583
[[0.19116697]]	1.7687256638060112	645.3065106428711
[[0.19031179]]	1.5967988625282752	721.233105990797
[[0.2064062]]	1.6229760465429863	613.0856886404571
[[0.19558817]]	1.659378810093058	572.9206518872327
[[0.19737606]]	1.5293467380817847	569.89382171511
[[0.19616027]]	1.69684326629952	571.9271160845614
[[0.19181943]]	1.6520911419825246	564.9737444113576
[[0.18725876]]	1.7024869023953955	704.0149776483397
[[0.18279355]]	1.6414423833636647	651.4722643075022
[[0.17640639]]	2.6552502667351243	1228.1827547952005
[[0.1644485]]	1.8616733917964436	774.9179963110068
[[0.16157265]]	1.9897917955628646	743.648363272735
[[0.16486306]]	1.9645133989821348	729.068469542765
[[0.16557124]]	1.7437730776700997	694.5915074292764
[[0.16626928]]	1.9043826471749519	665.0177028331047
[[0.16542486]]	1.8886257799729638	658.9544430675546
[[0.16603326]]	1.6608243598827115	618.6870687506829
[[0.17217537]]	1.8388629157115215	619.3515898010108
[[0.17567142]]	1.7700457578496713	613.4571421810143
[[0.16526363]]	2.1775241483619294	1010.5799158908519
[[0.1890318]]	1.7523227931358487	696.9374999442067
[[0.17086091]]	1.527015508174895	549.0023992394338
[[0.17935619]]	1.6141323526873725	574.3712831362352
[[0.17968655]]	1.7249884202998864	525.9634459029232
[[0.18090032]]	1.6617212748428722	491.5527114952944
[[0.17879308]]	1.5174378045815298	487.42470454585657
[[0.18842915]]	1.6877992177450811	552.0967432900708
[[0.157858]]	2.093480033389376	1004.6043000746217
[[0.13802879]]	1.7098157649299863	871.8581462777352
[[0.14760793]]	2.7977736116049194	1242.4769081784468
[[0.25141693]]	4.570227370788133	2214.5387046255605
[[0.19280828]]	1.8025912253289056	769.907071780346
[[0.16751702]]	2.8923485193456226	1320.1616483510415
[[0.17702206]]	1.7555996223222397	781.3249522746165
[[0.17077047]]	1.65676858158687	667.4122983467885
[[0.17437183]]	1.850856110533712	650.5727224463442
[[0.17618417]]	1.7553168787752997	580.9693504046236
[[0.17595251]]	1.6264064185826825	591.3020887315146
[[0.17555247]]	1.7519164663167364	589.4051207783859
[[0.18717785]]	1.9175049437110818	695.3251264069277
[[0.20283579]]	1.586856026539855	662.8394492963165
[[0.17394213]]	1.9147224476133806	825.194864366467
[[0.19143102]]	1.6406671792018557	575.6732488554148
[[0.1962805]]	1.5279948119831708	591.5775477322708
[[0.19786715]]	1.744454658140869	617.5572825775464
[[0.19444421]]	1.7575938069413861	624.6928807667274
[[0.19511555]]	1.6746207469943275	706.5396128668067
[[0.19120405]]	1.581892098440928	601.2790832823081
[[0.17534152]]	1.6836704129702287	671.447676808431
[[0.16695386]]	1.4144592343330997	460.42111009789454
[[0.1533644]]	2.0420469224797846	808.1122413156158
[[0.14363166]]	2.198381634251762	900.3209531049343
[[0.15944128]]	2.265330063240459	1034.8237651739219
[[0.16061201]]	2.319515710666619	1013.9711578671365
[[0.14628075]]	2.3425246689765453	944.6444931467336
[[0.18411742]]	1.6481383497468267	590.2461996935225
[[0.20145242]]	1.5263077130706346	610.7039544863557
[[0.17212941]]	1.6600135787183072	546.7715934889732
[[0.17423923]]	2.1065293034464947	876.6493960173087
[[0.17283956]]	2.1397451165535735	796.3200491588482
[[0.18108444]]	2.108551575172953	772.1331318965574
[[0.18066222]]	1.7186557138379586	587.1644758547671
[[0.18711625]]	1.6288275272329702	562.677610034781
[[0.18144335]]	1.894115873215534	686.0303298321624
[[0.16719006]]	1.6798093719517497	636.8125456856687
[[0.1741474]]	1.5043024007286543	480.160836130893
[[0.14890929]]	2.282843310886353	1026.7237352181571
[[0.18175498]]	1.7369535280147652	701.8668865654694
[[0.15928474]]	1.747639736110041	709.815515665721
[[0.15858995]]	1.8603795123862743	700.9360268975397
[[0.15852147]]	1.6589556310095583	684.8266794747441
[[0.16479956]]	1.8875247653663365	707.3740765837586
[[0.16319089]]	1.9039875551987642	717.6398737504705
[[0.15693414]]	1.6794198973970245	693.3255684208485
[[0.17268342]]	1.7311900535943587	863.166516319374
[[0.15684312]]	1.7592134967963735	740.0382581618792
[[0.19602225]]	1.5652607859646286	568.4349579207733
[[0.18060717]]	1.8368986906735079	699.3317279475064
[[0.18608882]]	1.813262453633615	601.5129699165662
[[0.18581807]]	1.6806220255899746	600.0051558011386
[[0.18572814]]	1.8692868703517953	607.4028155283536
[[0.18456121]]	1.8684723442397495	603.3389435016876
[[0.18723121]]	1.68263680742115	592.2553890535082
[[0.18443794]]	1.8594451479496978	582.4338672462162
[[0.1781369]]	1.846066322500119	575.4165910463618
[[0.16643866]]	1.602695282589958	511.5219459844978
[[0.16651733]]	1.6657658182957888	598.7140198289957
[[0.1703352]]	1.4772788585469439	576.8353436511159
[[0.17068724]]	1.540302582407255	734.516183685111
[[0.16567773]]	1.7876470117651424	770.7252635097566
[[0.1925902]]	1.763771098076188	636.6727011244649
[[0.19124189]]	1.8533259035033405	796.2113224806283
[[0.15118765]]	1.6781878096229415	651.3291580736308
[[0.19534646]]	1.6153812927258429	645.7583058545064
[[0.18306173]]	1.5734828185117387	618.855295341613
[[0.18498447]]	1.7605860201070163	651.4004079401653
[[0.18186199]]	1.7440052644238784	632.9117703563905
[[0.18433306]]	1.5744209278959567	662.6870473729009
[[0.18609716]]	1.7372887008286875	679.6069595182499
[[0.17167331]]	1.782201857894271	698.6632892622425
[[0.20885474]]	1.4976401388742664	628.4189986620894
[[0.16232682]]	1.9745367513448495	781.1391117459784
[[0.17336995]]	1.4753408481424213	595.0339366502442
[[0.17953418]]	1.8065964468315856	751.6602047106771
[[0.20514519]]	1.4508320383020383	688.0998777033819
[[0.20792168]]	1.4460216530564165	553.44172933421
[[0.20477246]]	1.4976719709292199	619.072317984018
[[0.11822306]]	1.7833215972391065	818.6780033300167
[[0.12296114]]	1.5854947380721371	520.111868627869
[[0.10727265]]	1.8292121856391452	944.2307414107587
[[0.09742374]]	1.7226010161783731	650.2254990892908
[[0.1004931]]	1.7385994325032437	633.3971516814573
[[0.10274119]]	1.5211247055346746	630.6911520159794
[[0.10624369]]	1.692465422506502	639.1784943425822
[[0.11235546]]	1.686012877720043	616.3951058880532
[[0.1751362]]	1.490618362046286	552.8299285871256
[[0.18168752]]	1.6887916288701024	696.2826831122713
[[0.14610055]]	1.998418282455266	1081.9089782523995
[[0.13469052]]	1.6776934765342517	672.269305382089
[[0.1320664]]	1.8074727645797177	665.6984347552227
[[0.12341156]]	1.834121811997269	650.6009916681073
[[0.12542929]]	1.5974149064153167	624.9354126032287
[[0.13092005]]	1.7749160622575586	620.8197747304865
[[0.13557052]]	1.7362944172298453	608.8884842484085
[[0.1465128]]	1.5508090330157345	540.9618380731239
[[0.13730228]]	1.704344396425624	553.2248249803838
[[0.13883037]]	1.7063535608353366	568.2540576905493
[[0.14010201]]	1.5241431333337958	562.290445665807
[[0.13454142]]	1.7387548478303698	568.3643752279869
[[0.13023859]]	1.7447430191092714	561.3336221298958
[[0.12753331]]	1.5610252501819908	619.2789510514042
[[0.1297314]]	1.7229193367279083	617.943250181766
[[0.13106613]]	1.711853016447011	538.7751581199437
[[0.12991354]]	1.6976896244665192	769.5797293574822
[[0.12543913]]	1.8194491071375212	722.6903187550122
[[0.11458818]]	1.8201363050297528	659.8987863898966
[[0.12459119]]	1.665528014120548	671.6437515259043
[[0.13017175]]	1.8036098510874181	674.3372340522511
[[0.13673852]]	1.7358656207248835	638.0805147287356
[[0.14582596]]	1.6675184537920529	700.3299980286951
[[0.14572756]]	1.7158619828973327	704.7248180809416
[[0.15031623]]	1.7869148745012118	723.5194879914525
[[0.13455035]]	1.6597364525928298	687.7871007507496
[[0.13147978]]	1.7693885195385726	709.0378114949459
[[0.13637181]]	1.803946896375161	719.3123279659275
[[0.13318368]]	1.6501643664209267	693.5489735068393
[[0.14117402]]	1.8590912503975676	764.3031266357889
[[0.13587241]]	1.7628517134301778	732.9197171693091
[[0.12993067]]	1.6947835450966457	747.9335169216702
[[0.1385238]]	1.8473246249076931	760.1568433607905
[[0.13299403]]	1.844952200576746	760.5314583667631
[[0.13161638]]	1.7152197243768001	745.488888164918
[[0.12993199]]	1.8270363710593815	755.3236693528595
[[0.14440122]]	1.811839373529811	737.9369491992451
[[0.13861281]]	1.6929204336449548	767.3548598309596
[[0.14542854]]	1.8443024521609304	765.6203118367232
[[0.13260004]]	1.873713398464154	754.2765115904582
[[0.14085932]]	1.7156260511959125	724.6614497361772
[[0.13736112]]	1.8558705954258006	751.4136942544632
[[0.14651553]]	1.8889010336246206	777.304018706291
[[0.13455119]]	1.7360303984211134	761.3360194440584
[[0.14097295]]	1.9128836783213603	800.8057749541716
[[0.14793805]]	1.9811128794034807	840.8078042086664
[[0.13497938]]	1.8243025592810211	818.9563607150324
[[0.12511189]]	1.812652027168036	783.5064592122077
[[0.15776597]]	1.815408308632246	892.5762407594322
[[0.13438268]]	1.6783619496882753	721.7009918229124
[[0.12865008]]	1.7556670313797882	824.021070748233
[[0.15234359]]	1.867380692002226	867.7889865093947
[[0.12121794]]	1.7501863005063218	796.0967123958803
[[0.13252997]]	2.183974820674567	919.6317998193516
[[0.13380037]]	2.178568988753933	1033.8682443453197
[[0.11226417]]	2.311913466954192	1104.2273653000275
[[0.10806872]]	1.8700976515161993	845.3323529863798
[[0.15571473]]	1.9691702413744516	912.2149357477713
[[0.17325415]]	2.062282747061114	850.7103128400921
[[0.15252616]]	1.4638251341445334	527.7735456451873
[[0.17101735]]	1.7886618925760132	940.2251874496981
[[0.11052997]]	1.4053440317734707	763.6328575266913
[[0.1185618]]	1.5058041247329317	890.2646927787385
[[0.22536776]]	1.651476970569304	927.3872206634178
[[0.12521714]]	1.44124684481339	589.0927681798041
[[0.17009668]]	1.6823915133506258	1135.2161672305385
[[0.15907403]]	1.6637004796714523	1050.640613003223
[[0.13819604]]	1.5332527184719627	945.1622553689585
[[0.18512687]]	1.5735820596242407	991.222971487671
[[0.1601574]]	1.6554653398075967	638.4679138584277
[[0.15635421]]	1.9054630645695505	856.0772390566156
[[0.13117362]]	1.5667831071809348	914.834361542365
[[0.14204565]]	1.447205056511159	543.3889685565896
[[0.12653158]]	1.4745824962449994	634.6431481143823
[[0.11735032]]	1.6403207715450085	657.4435828134276
[[0.16677526]]	1.5656689852575618	540.860880042352
[[0.16290316]]	1.348166171181681	415.52760856279014
[[0.16497846]]	1.399765932261323	422.58005381315576
[[0.19157086]]	1.3823350734635442	448.92575505166076
[[0.21797121]]	1.7674748512937202	919.7730477227964
[[0.17148328]]	1.5781808553281127	812.5276634612998
[[0.18923668]]	1.4003744862530811	487.22278065189676
[[0.13315031]]	1.8069054050120168	658.5698595058434
[[0.13322559]]	2.19048353967565	764.8034848110576
[[0.11511669]]	1.8715094967770787	687.323984969418
[[0.13998615]]	1.5776883947132436	608.9460713104686
[[0.20951932]]	2.01025418947651	1028.5835547894326
[[0.1633784]]	1.5343125386545324	548.3334672007096
[[0.13524437]]	1.2352428924710097	351.81118418288565
[[0.11579841]]	1.334332334593649	412.72087361142474
[[0.1372]]	1.4711071848336044	558.9695928371434
[[0.15808918]]	1.3618146328614542	495.4543282285919
[[0.1209231]]	1.4136297284304875	468.35295643854454
[[0.11752109]]	1.5541588886811364	654.7477538640983
[[0.16652558]]	1.5782988211788227	673.976207461697
[[0.14463375]]	1.5705804840895066	582.0485275369444
[[0.19333043]]	1.6832809384155034	776.0562046005185
[[0.16033295]]	1.6584987473972843	734.9104737558432
[[0.17901739]]	1.5340110703693846	664.0012673315571
[[0.15159549]]	1.616611508026105	564.3909844400198
[[0.16119744]]	1.5066261407402606	528.7045245884051
[[0.16568397]]	1.664752809958739	586.6609614692154
[[0.15633605]]	1.5050251756234811	432.51785169318947
[[0.17123119]]	1.4521184278169244	439.83106452423874
[[0.19070958]]	1.549700528513824	567.2388783476281
[[0.19111667]]	1.6576037049109444	538.0810219765388
[[0.17882351]]	1.484798713411256	587.1201525897449
[[0.13662772]]	1.5381323852489537	592.5821891608032
[[0.16775475]]	1.6852208212938466	739.1424955897355
[[0.10401885]]	1.5119177517578268	478.9080496477155
[[0.15352686]]	1.6744147748740401	631.2395062461848
[[0.14286056]]	1.8192693496507248	732.0171805004998
[[0.2222514]]	1.5493840804381096	752.2296866258254
[[0.2020915]]	1.49524524485747	599.5505941455184
[[0.20456109]]	1.4515604306183276	587.2393505388941
[[0.20629516]]	1.482306450755778	618.0561299349814
