[[0.08129639]]	1.2045230869670505	642.1708278149562
[[0.12056883]]	1.3752777196329686	764.4721966545451
[[0.10950877]]	1.3330796496075374	814.8322364255647
[[0.09850935]]	1.2003680675587067	698.1964732805176
[[0.1390333]]	1.3548752448815886	849.4139519845046
[[0.17367049]]	1.3955210341095812	452.36668802727655
[[0.18779063]]	1.5255250190135425	425.99535918503426
[[0.17553513]]	1.3665201595731116	495.2765686916006
[[0.16555773]]	1.4341220819252656	452.2860320584227
[[0.18606144]]	1.417986975011477	482.9924490396194
[[0.1001206]]	1.6032663871053006	846.8895472918948
[[0.13966238]]	1.1752394688836407	540.241283380598
[[0.0544708]]	1.120287979664776	560.4322982162079
[[0.54063133]]	1.0935621608205721	246.29382081075988
[[0.15724267]]	1.24292378008391	427.7122883737474
[[0.11644624]]	1.2161792365014978	633.6950532474002
[[0.17685321]]	1.564446259852583	1021.9275786351664
[[0.10552007]]	1.3547685138738035	643.3266025281941
[[0.1545177]]	1.4953669556558216	701.4015978618281
[[0.07029085]]	1.238879236630993	548.3080189236017
[[0.10667854]]	1.5169771760216142	586.8832788637659
[[0.15488545]]	1.4877141551502333	563.3750711688102
[[0.18810065]]	1.4174008907055682	451.81117602324326
[[0.15721825]]	1.602805758545385	614.2017050305914
[[0.12133573]]	1.3993839476018808	540.3290251100675
[[0.10587202]]	1.42546189050409	479.6263400742029
[[0.18388677]]	1.4175881380876476	477.00469728828796
[[0.16370921]]	1.547007911159521	692.4259762579813
[[0.14205468]]	1.5264855980836103	723.5066170850806
[[0.13677718]]	1.447879147086645	578.2826920144673
[[0.17434362]]	1.5127397677651557	493.0937328908333
[[0.17510996]]	1.471494786914509	474.1647486427337
[[0.17098216]]	1.378567656136105	492.0634074543201
[[0.16035079]]	1.4467818774276593	485.26459414782323
[[0.15861962]]	1.5719305377142998	595.6085112106535
[[0.16412886]]	1.60620991595159	653.5311327928132
[[0.0886636]]	1.4802691992387533	604.1295394283169
[[0.18020189]]	1.523109527784717	524.1647290792642
[[0.1912408]]	1.569765957977461	664.3088236085724
[[0.18157639]]	1.4526090159579725	501.6228410308513
[[0.16183446]]	1.5808678552609532	550.237352765855
[[0.15269756]]	1.4747772335223621	521.5201494206752
[[0.18302393]]	1.4924552588644857	501.0057045554646
[[0.18393258]]	1.4692571806986592	483.08549475497136
[[0.11997405]]	1.4003201845122781	416.7390939038268
[[0.12405765]]	1.2581301399825844	406.2824410813136
[[0.14389697]]	1.3591351228238968	650.989840113942
[[0.17603839]]	1.6014706847111582	625.5275200454611
[[0.17424401]]	1.510811119729737	589.9648386012749
[[0.14265992]]	1.743196355733295	682.1865593032371
[[0.15123744]]	1.6626668741223736	598.2416890897598
[[0.15058654]]	1.4667817703075683	466.3328339534444
[[0.1975995]]	1.5549715423193613	643.977966102325
[[0.20208179]]	1.4382265445404478	566.0712541353332
[[0.19436018]]	1.4248720612505394	514.9873153912636
[[0.18582892]]	1.5816411869489415	652.0490487410209
[[0.18587832]]	1.3906526021755148	544.5666205748629
[[0.20318704]]	1.3565398741082753	493.1251473638187
[[0.1820399]]	1.3912480488505274	457.21354898615243
[[0.19843768]]	1.5405909433756573	526.9645807528387
[[0.19207523]]	1.5082402131737858	595.8990409224714
[[0.17922335]]	1.2295505720557935	383.1147412015947
[[0.171355]]	1.7051982444879064	524.4434385376338
[[0.13208447]]	1.620599877264398	802.9930495561252
[[0.19101072]]	1.480070717013749	570.419757080847
[[0.17699492]]	1.4869988701506898	560.203472659947
[[0.19399148]]	1.5336478104481504	647.6506897923806
[[0.18447751]]	1.615379420252022	618.1557204664259
[[0.1860657]]	1.486695529391721	596.6767355298239
[[0.11159304]]	1.653783858316523	666.3129418970782
[[0.18665811]]	1.5413174632181257	514.7240645200877
[[0.15871899]]	1.7149800477277384	890.5893552233996
[[0.16601972]]	1.2133798881394098	383.91522813897944
[[0.17897649]]	1.4192153178379183	468.83230861825615
[[0.1911061]]	1.488867599023843	743.7034179464516
[[0.1902382]]	1.3158940848802827	459.3646195008415
[[0.14998361]]	1.4697440238920658	653.4410850858305
[[0.14456731]]	1.9400195689323183	931.2833676487223
[[0.17949472]]	1.517883453350879	608.6694466864337
[[0.13218075]]	1.6529843119950436	723.3602594313834
[[0.09635283]]	1.6134114502663666	780.2324888305957
[[0.09696525]]	1.5798791890835735	886.8670899923737
[[0.09636639]]	1.3982529734141207	768.797573697851
[[0.09221199]]	1.5446523390929612	769.0173516354582
[[0.16008555]]	1.5517022030282537	675.1781139989431
[[0.164905]]	1.706359178256799	650.6928747815246
[[0.09313338]]	1.5814164900904462	690.4653975922276
[[0.15963845]]	1.6104323444174822	1006.7153672451934
[[0.15108081]]	1.4880605628070804	1002.8756354883596
[[0.18249813]]	1.4647669884763932	544.6944624644855
[[0.17615425]]	1.51491745481874	632.9220507928437
[[0.18418715]]	1.6262809628366892	570.0690555126023
[[0.16783877]]	1.5348686633793085	727.5609523298067
[[0.14283859]]	1.3212194004266231	808.4045790641362
[[0.08634117]]	1.372630041650365	750.2799400021303
[[0.15546586]]	1.5389188242536875	574.7402888315243
[[0.07407296]]	1.4310044130136423	879.0159375310792
[[0.07305819]]	1.4094110449122368	709.3599801845565
[[0.09737966]]	1.6061593591584284	788.258715515501
[[0.06478502]]	1.2525651477871822	626.000298947704
[[0.09696894]]	1.6782889232092644	935.4600927843558
[[0.10753004]]	1.580360414855518	849.2132545936746
[[0.08122146]]	1.5724604478055846	1003.529620603062
[[0.16525849]]	1.5965123740336937	942.487184001902
[[0.10502884]]	1.6185701156426562	924.8125317294474
[[0.12084662]]	1.5003533534405982	993.0528440513674
[[0.09432443]]	1.5981994729462299	947.9409504051393
[[0.13613888]]	1.743552125759246	812.7966461996743
[[0.11512593]]	2.174751014633332	1093.2900381908642
[[0.15895441]]	1.435432813599822	609.0609603585096
[[0.1109719]]	1.4476432153852248	654.4911533036643
[[0.13140287]]	1.4147082733512653	506.2970393138268
[[0.15269743]]	1.82837518984125	844.8060896328047
[[0.13604221]]	1.9820809483688315	1003.1539705545122
[[0.15789668]]	1.9397780198094359	1106.4029490048558
[[0.12593584]]	1.5905859943908782	823.6171412341444
[[0.18651986]]	1.492180005212829	585.412878622393
[[0.14290743]]	1.7073178848530461	855.6553785361757
[[0.11308812]]	1.6446124815422702	684.9340921250207
[[0.11509989]]	1.804431867094747	798.1478388655777
[[0.16792923]]	1.5700337217338345	619.9273017619954
[[0.12022726]]	1.529562072571176	905.2126854096658
[[0.13480313]]	2.0771782763055366	952.9985579139347
[[0.07554861]]	1.3816946874168323	847.1527254448429
[[0.3184658]]	1.5867361882153241	967.6220009075706
[[0.24372342]]	1.5502791229244495	1089.0848574334866
[[0.13649563]]	2.0057864669400938	1160.5623719058392
[[0.0815062]]	1.188859843456102	548.3204136226951
[[0.1173407]]	1.3702051880524355	527.4676568461291
[[0.08245081]]	1.3403504654536835	597.9778634141805
[[0.0840092]]	1.2979763828890976	575.1713297157601
[[0.08803902]]	1.253991972838628	653.2208402378599
[[0.09295444]]	1.323337168317942	681.4888200897906
[[0.13514682]]	1.575156810107529	889.053570335027
[[0.13682631]]	2.6399465381977683	1326.2143002282633
[[0.0904971]]	1.3796424561092413	606.4206901429192
[[0.11435167]]	1.5225796176934323	525.436489190442
[[0.12088552]]	1.7005788515720055	684.4490206471677
[[0.12338283]]	1.831120236462535	897.9030748419076
[[0.14068901]]	1.912164648374175	797.18028804041
[[0.14289234]]	2.068387011716905	850.5019232911832
[[0.14985195]]	1.6899750323248448	1033.6813960696843
[[0.14237853]]	1.8671110557720316	1149.5805379042756
[[0.12860921]]	2.0010191485923503	1009.6814232942063
[[0.12296888]]	1.4190692648798964	484.0848502772128
[[0.21240006]]	1.4902326324392023	659.5783945005338
[[0.12627658]]	1.3386015749050613	517.7352141586445
[[0.12383842]]	2.313390848798799	1012.0621504945224
[[0.16838009]]	1.4568969810075927	487.08165509100763
[[0.10195235]]	2.068113630539069	983.2817558443197
[[0.11918815]]	2.0958955246182014	902.8583980117202
[[0.18331627]]	1.5898894341295424	790.6084820055555
[[0.12500673]]	1.930677797040373	987.6975634808332
[[0.09519219]]	1.303554482401245	654.3591446888672
[[0.13621859]]	2.459357673025036	1140.291607254906
[[0.11697768]]	1.800572698550089	752.9535423288734
[[0.11395799]]	2.2385499426554523	1068.2099726922304
[[0.13165495]]	1.8027466406560315	909.1458464585775
[[0.12579619]]	2.369304789561552	1158.6145395982521
[[0.18316356]]	1.4873115732787625	563.8342265710967
[[0.12184495]]	2.290205877949718	1233.9031821735355
[[0.18112405]]	1.616491669701574	712.5313004553495
[[0.10802756]]	1.3909110035627843	470.8524903949964
[[0.15105451]]	1.3959573205098263	423.7593342312136
[[0.15243327]]	1.3720214876586065	415.1198321590454
[[0.16420245]]	1.354789111085832	477.7986102535714
[[0.14956008]]	1.4000617831250084	452.2281788502049
[[0.1293179]]	1.4003276744075615	902.507041082387
[[0.08939091]]	1.351824985027514	846.734398356623
[[0.08672977]]	1.4023780332413316	796.9486954616594
[[0.10749199]]	1.3819118943800446	948.4612106980804
[[0.09082894]]	1.3715458793081248	804.7605131749949
[[0.09226146]]	1.3098684641249652	831.3033707391718
[[0.08849025]]	1.3788728693688947	760.5588898078925
[[0.11908074]]	1.4199287303636412	970.72509473373
[[0.12081451]]	1.3251029111309516	907.5764083439019
[[0.08991406]]	1.2616766053991697	622.2646169833741
[[0.10112624]]	1.130908651176324	702.0380783792723
[[0.16871234]]	1.6003191133113694	534.4953256781502
[[0.12313622]]	1.3699168270840332	898.1413476545899
[[0.12117779]]	1.2517974335206563	925.4379711605499
[[0.12965398]]	1.2938457056404242	913.8277337825247
[[0.1401637]]	1.5147358248581229	822.7375287984696
[[0.12982985]]	1.2752707653381399	330.23045624480875
[[0.10218525]]	1.3856306273881431	802.6999725133479
[[0.16975788]]	1.430888319636753	554.8625370550523
[[0.13590629]]	1.4186273610581888	954.3068285036019
[[0.13329714]]	1.3895235004615754	437.4852296358896
[[0.08936638]]	1.3909559429344835	804.1758514777289
[[0.18954258]]	1.5322322202396295	638.491340707746
[[0.16034431]]	1.3864133214452352	414.1549793637401
[[0.10945632]]	1.3779647195658091	467.46205050015016
[[0.13123389]]	1.4888694714976638	822.0638844447674
[[0.15812442]]	1.313401822224805	377.0243444699752
[[0.08038079]]	1.47569100074691	709.990339349815
[[0.15930743]]	1.4770916111648644	565.4632589960364
[[0.10993187]]	1.3939575184692174	617.2701203969134
[[0.08139572]]	1.3795038930465024	681.3210821005368
[[0.10716861]]	1.5502772504506288	1205.0848538047303
[[0.12991285]]	1.5045476947991785	970.7863492422006
[[0.10363033]]	1.410249913183953	680.0154791207482
[[0.10812972]]	1.3647300746004316	817.2280529795469
[[0.10420061]]	1.555375996664653	1199.2510073453482
[[0.13393351]]	1.4413985151928743	947.2006467079666
[[0.12700419]]	1.4574231461512361	904.0724686224113
[[0.12902628]]	1.5502154588145425	875.9508323595879
[[0.1474157]]	1.585906682312712	984.0323506318091
[[0.12695608]]	1.5358685643996128	1043.7959860829142
[[0.1808141]]	1.7200713040464792	1346.5214997949438
[[0.14054506]]	1.3482541774512582	701.6698089889871
[[0.14337144]]	1.4634506393803746	895.4420142712947
[[0.07445807]]	1.3046985639057507	723.6862568597913
[[0.07724602]]	1.3407661546418999	702.4636701111906
[[0.12342049]]	1.443190472639375	921.4935424257204
[[0.29735386]]	1.8028177946612218	1076.6854711685207
[[0.11105801]]	1.4094353870719072	997.6210719396125
[[0.09607277]]	1.2798807958849365	745.2538610719614
[[0.18745167]]	1.5338668898851833	685.4758622596796
[[0.22981174]]	1.648329342076548	1137.165159034496
[[0.08557704]]	1.2962892839765614	822.6600672959854
[[0.22856486]]	1.6943023193247015	1265.1049857225669
[[0.09137553]]	1.406061189246835	712.2518595955692
[[0.15191785]]	1.5400516709152685	616.5517014659155
[[0.15593367]]	1.6012366254835588	1053.4411528553599
[[0.15259393]]	1.5651372026924562	1083.8029568937745
[[0.18080317]]	1.6088707012509393	1118.724130047415
[[0.14093123]]	1.6181600438759023	995.3862015513349
[[0.11972083]]	1.5385162423822167	931.8062338321183
[[0.17216294]]	1.6257679050097915	844.4815129750026
[[0.16850324]]	1.7391387049636327	1013.5714624654122
[[0.14564802]]	1.554436014806614	971.0271202735198
[[0.1073345]]	2.064791861980979	1116.267972589964
[[0.13261147]]	1.5931363037348008	735.9868384713592
[[0.17385847]]	1.6101645806611085	841.0463773211027
[[0.15427654]]	1.6527483802936236	948.7045215638882
[[0.10735253]]	1.723778802211653	901.3225442340243
[[0.13016559]]	2.0695591803287225	1076.8378414478263
[[0.12134952]]	1.670134299719703	842.0110105547019
[[0.1180062]]	1.5368871901581251	702.4358081071034
[[0.11343585]]	1.7487744552454427	1057.8344400191013
[[0.14215961]]	1.6519694311841728	730.4654496265739
[[0.14981949]]	1.808354699749312	856.8797044280586
[[0.1230907]]	1.9844926946500152	869.0885521173301
[[0.11205383]]	1.6463688619861756	958.6880517751727
[[0.10395643]]	1.5405834534803742	721.1529524083035
[[0.07201334]]	2.074019412969856	1126.5994022498683
[[0.14822401]]	1.5346514564160962	790.834749883428
[[0.12119928]]	1.5081185023754342	672.6313377488544
[[0.13463811]]	1.6035753452857315	697.0183083110718
[[0.14331942]]	1.4418984657030265	609.8299293864659
[[0.15930136]]	1.5888239965255102	719.3119141182023
[[0.14815897]]	1.6269213488834011	738.5009981447896
[[0.15263139]]	1.3734277154980234	596.8231803596898
[[0.15062223]]	1.5097924939712246	580.6433182935265
[[0.14133298]]	1.5158780338888078	656.9050609309946
[[0.13784869]]	1.4624395035171454	586.5698746755029
[[0.14797453]]	1.4343673759957898	644.0019448980225
[[0.16273723]]	1.5244296218283775	651.9436350824355
[[0.16981044]]	1.4421812092499664	606.6191357961001
[[0.16646818]]	1.5679740005309604	797.4328621794489
[[0.17959561]]	1.4473642167859264	592.2500727031896
[[0.16915658]]	1.3648049735532635	486.66112822378926
[[0.15589384]]	1.4947190797138266	565.6896578330271
[[0.16698471]]	1.5336833874507454	660.6828878893982
[[0.15510987]]	1.4623252826140767	674.5163101175358
[[0.19128837]]	1.6044142135574477	766.2467809528024
[[0.19286076]]	1.557510616820359	737.2165841816927
[[0.19454615]]	1.502791314355273	712.0277201040416
[[0.19033213]]	1.5583644648826414	687.7966662155125
[[0.19287779]]	1.5698427294041135	707.4185530168317
[[0.20635001]]	1.5056861588822217	726.4733573095722
[[0.19095155]]	1.5755013452905553	756.7993122758533
[[0.20462982]]	1.6278201363173825	748.4332362876271
[[0.19741375]]	1.514908092449636	699.6063237757004
[[0.19660635]]	1.5811300015958645	785.0478683615094
[[0.18158925]]	1.507060554666685	694.3197168524864
[[0.19513651]]	1.4876954304120253	732.118214742835
[[0.19714717]]	1.5129775719403966	753.3001051832442
[[0.18675884]]	1.5266297785678113	723.0005462557633
[[0.20640212]]	1.4947752539284505	695.235107395199
[[0.19514913]]	1.544571822718667	713.9479557178838
[[0.19504912]]	1.580540172342314	647.9835643198186
[[0.1570733]]	1.489185919573378	693.0166580259279
[[0.15546513]]	1.5265099402432805	664.3999019332437
[[0.15156942]]	1.5623734313329631	715.7012243985992
[[0.16271982]]	1.4706334489569433	749.058408400917
[[0.15937645]]	1.5212876107570839	735.7857065117763
[[0.1691316]]	1.5822628482574452	748.0700670075694
[[0.1722813]]	1.528549064234126	701.0791790965337
[[0.15595026]]	1.5185537989787234	705.6451999005824
[[0.15661748]]	1.4876504910403263	678.9015231150775
[[0.15610951]]	1.4803291184010188	642.6904563245736
[[0.1600944]]	1.4864352555306304	683.3692330024346
[[0.15849159]]	1.5100696200967023	668.0526396415543
[[0.16738914]]	1.497396717277563	606.5047540850179
[[0.16852429]]	1.626018816501778	613.4457393113524
[[0.17077324]]	1.5188908442664666	628.7236692802185
[[0.16768498]]	1.438964299225841	614.0455828639368
[[0.18519994]]	1.6625152037428892	649.2710716286217
[[0.19133933]]	1.528979733212909	611.6849392397846
[[0.19824248]]	1.4836452695376463	656.1662580518617
[[0.18109206]]	1.5410028876162323	635.9789489397422
[[0.19747556]]	1.595604224230608	668.5099535983715
[[0.19220455]]	1.5031601916979695	660.2312274578095
[[0.19288035]]	1.5622198884796579	612.2788860554707
[[0.18907124]]	1.5911140320083423	673.6163311517772
[[0.18854533]]	1.5001511262679523	669.859452353613
[[0.19411435]]	1.5947241615348346	685.6835239522961
[[0.18916657]]	1.5524605549256756	678.7005836573202
[[0.19669457]]	1.5261036134241681	680.3598270965679
[[0.18965135]]	1.584474239839804	669.0191404855382
[[0.19388212]]	1.5815138587291275	683.05741210409
[[0.19181153]]	1.5119083893887229	658.8346483667988
[[0.19454198]]	1.6372461695312635	668.6198533249881
[[0.19437457]]	1.6342127619415758	669.163453666977
[[0.19379631]]	1.5166288958909464	626.362735912643
[[0.19088974]]	1.7040803776168918	622.5312130672111
[[0.19472514]]	1.7728076567353437	662.1330730632403
[[0.20338378]]	1.5668617510814082	662.4075008752914
[[0.20331696]]	1.7226272308118642	689.1052335628743
[[0.20569269]]	1.7239173652743918	682.2640036546665
[[0.20354481]]	1.5610814243966147	659.9709235810343
[[0.20061153]]	1.6572404449897102	674.7471904186868
[[0.18446685]]	1.556742902553833	672.2867220087816
[[0.19842025]]	1.5510150051360219	641.6276158497031
[[0.1968553]]	1.7434959515446222	680.1282069802
[[0.18732244]]	1.644286671097452	639.2947594660013
[[0.18638166]]	1.519725967590541	613.6561051119209
[[0.17817547]]	1.541087148938168	619.4548119618343
[[0.18923981]]	1.5895149393653836	600.936631237049
[[0.20230413]]	1.4908580386953478	601.6990456402107
[[0.19853892]]	1.6214593427481427	599.6815197665829
[[0.19564912]]	1.6052586992506261	592.7276661355603
[[0.20511864]]	1.550202351497797	624.3755545179255
[[0.20336766]]	1.720694837828804	633.145964691311
[[0.21049454]]	1.571187165607444	629.3974505607886
[[0.1999699]]	1.5209000086761792	599.2559739803289
[[0.21199865]]	1.5572428530639855	619.2745893359711
[[0.21099925]]	1.6869678393686482	591.4634676984209
[[0.20762]]	1.495207795381054	563.2131742657325
[[0.21283153]]	1.724827387551298	598.060623173121
[[0.20394332]]	1.7171521173598603	577.6955027574708
[[0.20358941]]	1.516715029686703	569.3154261114338
[[0.20912023]]	1.713212432440908	593.1731009784656
[[0.21386963]]	1.5379058159166377	567.7428103449239
[[0.2137893]]	1.4375243668576498	561.8765719006932
[[0.20557534]]	1.5340822243745746	578.186102605902
[[0.20067247]]	1.5034036132946729	554.416508974075
[[0.19226684]]	1.4587132806137637	521.4419833587101
[[0.19981707]]	1.4650853090259284	544.2101916244601
[[0.1937558]]	1.5043361052574287	522.9527702619682
[[0.20098549]]	1.3265653131849924	522.3070423560802
[[0.20774396]]	1.4384830734538967	549.5740746896025
[[0.19582758]]	1.38117039474701	434.103903558172
[[0.20701096]]	1.3509149627506076	555.3123615145608
[[0.2045109]]	1.430086900841453	561.3602110534457
[[0.20784402]]	1.4029566276519572	528.133107355203
[[0.20972156]]	1.300863737520763	513.1158072346485
[[0.2086767]]	1.4851226513822533	570.0921446003643
[[0.21080419]]	1.5144193767824086	607.2177716875151
[[0.20533919]]	1.4251304626378092	604.9856632812057
[[0.20526509]]	1.6079662963954955	621.5840155256641
[[0.20164233]]	1.7146317675970706	708.3402156419198
[[0.20896157]]	1.5247704120637622	612.193929336477
[[0.18098348]]	1.6653201695264397	713.3376072329653
[[0.1927943]]	1.748407450376567	712.1241344814867
[[0.18213694]]	2.006129129649299	1157.0464796228803
[[0.17631797]]	2.1724853213101705	1330.6094770462362
[[0.16204076]]	2.058213861448527	1184.375365728667
[[0.20135481]]	1.7230747520550342	728.8791559925205
[[0.14407171]]	1.6644401068306662	587.6449701151688
[[0.12693228]]	1.636220053877468	662.9610013175135
[[0.11368184]]	2.065887259166144	1033.3907340502906
[[0.10470985]]	1.6736433156598727	1128.2034741260147
[[0.13740885]]	1.5242929312394595	673.4935340963708
[[0.11489524]]	1.506667335164318	861.2627576590991
[[0.12642257]]	1.3601406412656636	529.3485183852732
[[0.15061965]]	1.59956637883541	707.3313282073585
[[0.07389117]]	1.3423746096539626	687.7775091558368
[[0.11312128]]	2.136219248349017	1213.113371525988
[[0.23636709]]	1.7752943019693592	1314.130033678912
[[0.09141027]]	1.8269895592138616	1007.7106309730758
[[0.16530601]]	1.5639931211879505	831.0851735136073
[[0.07276956]]	1.595478768484615	932.5943624159761
[[0.11785858]]	1.3903604962594707	596.607652260817
[[0.10138394]]	1.7075126221304087	827.9550350293074
[[0.14218295]]	1.6194408159693259	891.8548952130758
[[0.07212617]]	1.5537394545452783	763.1979066812305
[[0.1360086]]	1.8364661492209042	1026.8574773835983
[[0.12750882]]	1.7443535445545462	801.249540241429
[[0.06179103]]	1.391680590303131	737.9995408856211
[[0.11097742]]	1.562109412524231	572.0255704340306
[[0.15539515]]	1.5064800877822386	558.3692713690795
[[0.12577533]]	1.7348245252805214	891.248736694036
[[0.19008367]]	1.712373564169192	1254.7946643943797
[[0.18355963]]	1.5976115161665003	797.6058501838362
[[0.11238922]]	1.4719460531053203	924.3592925615018
[[0.12956043]]	1.7382455349511134	770.1019378860314
[[0.1137167]]	1.5788680532203443	803.9435911224122
[[0.17353444]]	1.5260661639477522	559.4298509445794
[[0.16619593]]	1.6648632859141659	699.9419130023518
[[0.16109702]]	1.408579666535804	529.6822245922231
[[0.14794375]]	1.9496515742664866	865.7077084940161
[[0.13113106]]	1.4901670958554745	551.7064070565835
[[0.17184352]]	1.4350527014142007	437.5530725914097
[[0.14193347]]	2.2383158834278527	996.5364235941888
[[0.14799239]]	2.072603822761335	822.6074633940412
[[0.16171207]]	3.0402964208742604	1574.528254971748
[[0.13145304]]	1.6600023438753826	782.8380976876349
[[0.11963734]]	1.877757941917071	777.4269263346332
[[0.15246494]]	2.4281753664873404	1170.1103040702344
[[0.16023116]]	1.626548726593063	736.9869706249898
[[0.13162637]]	2.378513615812221	1117.6432227547773
[[0.114367]]	1.6015886505618684	982.4365288587743
[[0.16512439]]	1.4767976327749996	914.7515546816228
[[0.16401309]]	1.6459513003241384	786.1765144871426
[[0.13607335]]	2.136427092943125	923.481193481182
[[0.13565691]]	1.5721589795204367	837.1621765908442
[[0.09206276]]	1.4503470675824526	882.6846515514037
[[0.16689601]]	1.5188945892141081	1554.9088722357785
[[0.09712263]]	1.240248014993994	623.597213738387
[[0.09745509]]	1.4782225853526245	849.8146633510238
[[0.14029617]]	1.4413254887138633	965.8582698857659
[[0.15481651]]	1.5956641433928735	922.8301340636935
[[0.08438793]]	1.3550943243186218	707.7928642422687
[[0.19431859]]	1.5809221570017562	1118.0546210539176
[[0.19710062]]	1.6281590540789463	708.920340533379
[[0.15432303]]	1.5039616104932696	592.6754237856394
[[0.16886804]]	1.580596346556938	1106.1500445678491
[[0.12035998]]	1.8761382520620833	1105.9271881081302
[[0.09562537]]	2.0076477059179636	1125.3215197922464
[[0.14675996]]	2.5522529717484863	1361.6414828202794
[[0.12172117]]	1.5502622706600624	917.7709104865795
[[0.19942594]]	2.253878013352478	1599.422368905742
[[0.13590512]]	1.8182039120466926	915.6626981380572
[[0.13691248]]	1.8832012233141213	1121.2019696809275
[[0.17278989]]	1.9269066347652923	1047.5238218066477
[[0.148442]]	1.8773478701503168	1022.0535178492192
[[0.14935531]]	1.7116676415387524	937.1959858438006
[[0.13201498]]	2.2029448529530393	1035.7368805658448
[[0.12826514]]	1.6122692412356818	767.1702615510961
[[0.14972687]]	1.7829171428938149	925.9533441596562
[[0.13604735]]	2.4006013170023164	1290.0895836023394
[[0.12725107]]	1.6785922639682331	766.6547888132684
[[0.10247904]]	1.6654250280604042	865.733663511794
[[0.14737005]]	1.7067786123926572	631.8955657893235
[[0.10950399]]	1.9529658529292935	1006.6658883363953
[[0.21334568]]	2.569857970611599	1553.383516870779
[[0.11949217]]	2.0960303427332985	928.581919247305
[[0.15705117]]	1.7016948459691994	880.6581446930355
[[0.1256347]]	1.3261140469941808	368.16691161844454
[[0.10120893]]	1.5368291434696806	883.6212459730563
[[0.09478755]]	1.6724280801501767	865.2562062951305
[[0.12839419]]	1.5008870084795247	933.4165698431335
[[0.15273808]]	1.5359696779859358	593.7107640533861
[[0.08298234]]	1.7510925778355866	901.8204727277507
[[0.07334143]]	1.4225258515530836	768.1574293457703
[[0.1058779]]	1.3564013110455364	642.2735313394661
[[0.15641816]]	1.6823484464527476	955.7727330922498
[[0.08538838]]	1.3355700397891943	592.8967298863826
[[0.10609693]]	1.5055457233456622	826.1528161083836
[[0.17792094]]	1.5369508542680324	513.518381797701
[[0.13105274]]	1.5299534195997222	776.2062854624387
[[0.15826629]]	1.5418698429952602	705.5202479804542
[[0.12648658]]	1.4063139732126424	379.5986438254964
[[0.12718116]]	1.4070255132645444	526.1314112943629
[[0.18229724]]	1.649010922547317	1166.593276241402
[[0.17099163]]	1.5801563152090512	959.155437218895
[[0.14088382]]	1.5470659578479657	741.0529286778179
[[0.17357267]]	1.4215034808469296	396.1646014513331
[[0.19524043]]	1.6673180990932277	974.5306052308357
[[0.24631541]]	1.703632856373722	1288.6232631353685
[[0.16925228]]	1.3849153423885994	904.9871329732614
[[0.15643995]]	1.5307642007641262	767.8876612856851
[[0.10500052]]	1.269411794752873	741.2136749232741
[[0.09274376]]	1.293609773939004	569.2804058503503
[[0.12298811]]	1.7732888825072881	895.9249240461903
[[0.15532176]]	1.457771426281904	808.1704318435442
[[0.12645572]]	1.5123184611554767	910.1316494685103
[[0.12133915]]	1.5174921063223328	738.1492869886988
[[0.25696333]]	1.6844924289775576	1063.4261417978612
[[0.16097189]]	1.527818799444016	394.88572519389476
[[0.116078]]	1.4990913060853825	713.7486940147426
[[0.14701042]]	1.3821609333982103	556.5192034502895
[[0.15587653]]	1.5770592435094566	967.1573943516871
[[0.23048065]]	1.6078520754924268	905.7946504624288
[[0.15851539]]	1.5782314121212742	836.7652345753443
[[0.18337179]]	1.5068227504914442	1111.9383830537035
[[0.11153699]]	1.3699505316128076	654.3655263445236
[[0.18033308]]	1.5691424241951362	700.5814106068806
[[0.16845488]]	1.4747341666244838	354.6620982082586
[[0.25083486]]	1.6175159128815488	1070.54307784319
[[0.12114247]]	1.434247537671259	632.5291358080428
[[0.1068077]]	1.5866200948384348	637.4301749439265
[[0.11394728]]	1.2621465963281893	515.5399189396366
[[0.08387409]]	1.4069712115237412	639.2445188751781
[[0.14398458]]	1.5087420361577588	547.1911077739912
[[0.1248806]]	1.3715215371484544	494.3266029177696
[[0.13518205]]	1.558212794503157	777.2127657507974
[[0.11558894]]	1.6544111370464893	656.1582623860409
[[0.16580532]]	1.4293997029492211	684.1325556104811
[[0.13715355]]	1.4465328384094935	619.9933145146487
[[0.13078554]]	1.581178685915205	844.9308816971478
[[0.1328944]]	1.5934302821246655	526.9842519005055
[[0.15705261]]	1.5108672939443608	833.805083494392
[[0.10274561]]	1.287679649348547	559.4549813394847
[[0.14295892]]	1.4763707087438585	408.3419730127759
[[0.12413752]]	1.5061655121803452	798.2660210688756
[[0.13028522]]	1.3066197220458862	367.4171450432498
[[0.13336358]]	1.3697614117569072	409.39698743645664
[[0.08545463]]	1.507880698200193	752.8364177131517
[[0.08715791]]	1.382645904117796	587.4954894535124
[[0.12992401]]	1.5127809621892132	569.8990911895714
[[0.11851492]]	1.446090934587786	592.588696785802
[[0.14873151]]	1.48864851958681	528.826363111927
[[0.12816548]]	1.4270141713015287	406.8451865415583
[[0.13036296]]	1.5156439746612083	801.4296956427823
[[0.19463565]]	1.5944844848857729	885.7185949660885
[[0.26793813]]	1.5998116729059342	868.0549385248552
[[0.10793385]]	1.416818551347301	620.8449721823042
[[0.137006]]	1.5221826532434237	869.958651680815
[[0.13597358]]	1.529015310215504	1177.8877630934844
[[0.11330996]]	1.410012109008712	690.9505091400011
[[0.15954834]]	1.4169440070932944	778.1063003026177
[[0.14543885]]	1.474942011218592	629.9683619366557
[[0.15598286]]	1.5359472083000862	553.1627842576086
[[0.13666998]]	1.578287586335898	623.9149849822654
[[0.12605965]]	1.6325893271389469	721.905391148551
[[0.3134854]]	1.546925522311406	1036.200881870369
[[0.15547394]]	1.5475490560937308	758.6172235065887
[[0.1231439]]	1.6486570249951868	710.2886677928154
[[0.1754958]]	1.5398438263211602	1046.3911103719113
[[0.12121576]]	1.4759025902886598	848.404617738192
[[0.15847422]]	1.7219419053934533	739.7474243237571
[[0.17727224]]	1.5655060800351528	589.2439684686098
[[0.12590673]]	1.6586036059312488	709.1243246748129
[[0.1222748]]	1.6229573218047784	812.735698031465
[[0.16390686]]	1.5994783725658326	1020.792991707598
[[0.17170702]]	1.6089867946278285	891.4380868078929
[[0.12002709]]	1.3710871232220299	425.9691043171686
[[0.10012612]]	1.384671920791896	602.6294444066302
[[0.20035073]]	1.5469685892092844	735.3740001634155
[[0.18652813]]	1.5427236910575426	504.83990169655567
[[0.12491218]]	1.5018644398139795	614.8603978487114
[[0.1780785]]	1.5048716327701759	584.0597673948333
[[0.13283289]]	1.579766840654326	570.4945397221152
[[0.15236785]]	1.4493640188265353	638.2177690348678
[[0.18014148]]	1.52026524005093	799.2197985305197
[[0.17407673]]	1.5236057333472277	996.7616671496197
[[0.26058216]]	1.581262947237141	1112.5521089833574
[[0.17660123]]	1.7087821593809076	904.3596193368687
[[0.10479708]]	1.577248363365357	890.1208534201472
[[0.19560963]]	1.3704898040731963	678.5767487069068
[[0.2435556]]	1.5733180408155085	961.1139871699867
[[0.16048732]]	1.4368989606015043	606.713245021046
[[0.14665784]]	1.5920914633427972	1141.3089406701306
[[0.15580364]]	1.5627591609400469	697.9211439275851
[[0.13415595]]	1.4271396270475218	768.6255815043769
[[0.15838374]]	1.4176780168310459	449.0695158138307
[[0.18367792]]	1.8421753219005075	636.5256239805345
[[0.09298693]]	1.431856388602104	571.3693045729376
[[0.13240779]]	1.4601288708222846	683.9975152951099
[[0.11863777]]	1.5411938799459532	706.3915980218711
[[0.14540123]]	1.5753066080131928	554.5455808855925
[[0.16093992]]	1.488182273605432	472.4630934465148
[[0.18840072]]	1.5864946390924415	1031.5806456241974
[[0.11071481]]	1.4601906624583707	578.0576897332137
[[0.181894]]	1.5389675085730283	862.1461156843301
[[0.13368986]]	1.5664460618931917	597.1122242182184
[[0.15840766]]	1.5965591858792136	757.8057325490576
[[0.08658813]]	1.4709873465090735	677.7279564833187
[[0.16196495]]	1.553203927032531	661.260482090184
[[0.30707268]]	1.7042582626298675	1254.9625592544626
[[0.17848449]]	1.5843431666723484	1120.760141066136
[[0.20441398]]	1.5111144604887057	920.6047470918311
[[0.13858328]]	1.449830264807913	654.1650944055764
[[0.12946797]]	1.440104635782705	660.6145619153455
[[0.13434846]]	1.5535765493228693	551.4387597422336
[[0.15991695]]	1.538851415196139	711.535647070803
[[0.19340772]]	1.5760144031174532	925.597110397263
[[0.18006434]]	1.6245077301283966	1080.7637675444796
[[0.1679541]]	1.5089068138539887	674.6951285543835
[[0.20538075]]	1.416829786190226	746.602452174224
[[0.28161032]]	1.5632010647617545	955.3297521936598
[[0.16178105]]	1.317946316187874	557.4438485242422
[[0.14741869]]	1.5508277577539424	665.2181480738815
[[0.11279945]]	1.5496537166683042	744.7407295932829
[[0.20284814]]	1.4611212819473058	603.6032678702298
[[0.15594491]]	1.5177336554452154	572.144662690124
[[0.12769334]]	1.4060948937756093	760.403701863109
[[0.26016055]]	2.17201345790733	1319.2136808475232
[[0.12282827]]	1.3216968812509258	621.9707974222745
[[0.1595032]]	1.5316629881981079	952.9430336046319
[[0.29620055]]	1.5000144356790344	745.6302449837308
[[0.20676776]]	1.411828408614883	569.4253169430027
[[0.15106318]]	1.395996642460063	745.8506478453555
[[0.10049353]]	1.33772712963075	588.6104326039659
[[0.12651182]]	1.3496210833404385	651.4450518432193
[[0.23166294]]	1.6348943424123452	754.1951308554382
[[0.23723469]]	1.9715894775509184	964.9386021741302
[[0.18821716]]	1.481521884224865	571.3796764313429
[[0.26076636]]	1.6206504340575594	810.3365761777801
[[0.30278515]]	1.373641177513594	759.4948540098567
[[0.18589907]]	1.5578645143724892	683.4520415917859
[[0.12599431]]	1.496623385589575	587.4181369080833
[[0.10250315]]	1.526214089379595	673.1059532677274
[[0.12104867]]	1.472953444020908	859.7606456409186
[[0.16836574]]	1.4692721604892254	634.5443183117031
[[0.21668185]]	2.242557036631953	985.1999676912304
[[0.15080669]]	1.5030197561614098	694.8151985074338
[[0.15706203]]	1.5497286156211358	672.424538491024
[[0.26893724]]	1.5594673519630895	1015.1956833769738
[[0.21928759]]	1.4421343974044465	896.1795698936833
[[0.13553605]]	1.5592557624213397	993.8218661651863
[[0.17296533]]	1.6037419954557823	850.455751585225
[[0.219878]]	1.5333575770059271	939.1697511228433
[[0.30624336]]	1.76108971556481	1035.5448012594134
[[0.24808882]]	1.5802817709550445	1047.213728740375
[[0.16060832]]	1.5846446349574963	800.2663958353338
[[0.2645679]]	1.6406877764138843	1047.9128815582249
[[0.27461254]]	1.6612718811258813	1211.0896028243121
[[0.22275909]]	1.3421031009499473	773.5105719839286
[[0.17546795]]	1.525903258725343	983.9001651471523
[[0.23500991]]	1.499853402930446	870.2312331848209
[[0.17638506]]	1.3174688353635713	754.2644142956578
[[0.15076612]]	1.4466526767340244	583.6587218123292
[[0.24761102]]	1.5734846909855593	1021.3828306328127
[[0.19618177]]	1.3886490551872643	774.4027954658586
[[0.16150467]]	1.5667831071809348	1351.2952734889939
[[0.11020181]]	1.3770172478124871	433.4138148378202
[[0.11057735]]	1.5157713028810225	642.186183038526
[[0.18176685]]	1.578278223966794	702.0434542935446
[[0.16942799]]	1.430169289689568	1084.8988361100417
[[0.11678294]]	1.494588006546371	612.6092087656182
[[0.11925201]]	1.7257842216737243	683.4020266894814
[[0.13191264]]	1.4735676154341286	805.9135022083534
[[0.23172474]]	1.480362822929793	891.6506633347431
[[0.20088502]]	2.0153342109523265	1203.2678515521027
[[0.15570796]]	1.5005162586630072	617.0050636561518
[[0.19556242]]	1.691587232284549	1043.0054321393327
[[0.11623719]]	1.6131811359864088	796.6833833837783
[[0.10365588]]	1.4483828425444387	748.199752532322
[[0.14953242]]	1.4893918916936655	511.29754074589874
[[0.17907152]]	1.505811614628215	552.1385561588919
[[0.17050578]]	1.5513295807379155	603.7370007915074
[[0.33069355]]	1.573872293066464	1255.0028540575972
[[0.16153505]]	1.9162934531490277	1122.6056331243622
[[0.27040597]]	1.6504920493395658	1082.7495852720867
[[0.22294155]]	1.6498816228739868	724.7696784011512
[[0.18542199]]	1.493593722947529	938.4786973250759
[[0.25047705]]	1.580796701255763	1060.7084929145815
[[0.12524975]]	1.8757469050335371	974.0930599372094
[[0.17748725]]	2.0152125001539747	1154.98673759384
[[0.13253539]]	2.049143598260597	1086.6506662249642
[[0.13914307]]	1.945140784832192	1038.757485348047
[[0.19021005]]	1.6879995724439063	820.8784446911257
[[0.12534685]]	1.5145579398451474	637.4584669621939
[[0.17835676]]	1.610651423854515	634.315170805366
[[0.1120253]]	1.5721121676749168	734.5366161068159
[[0.14571574]]	1.5393214061251586	813.3676258580098
[[0.17408361]]	1.3718361127503478	599.7583631475595
[[0.14601154]]	1.5561549457741035	714.3610990967595
[[0.17918385]]	1.6004464415311834	776.3737075865844
[[0.14282015]]	1.2558756815023475	513.8956978389612
[[0.32586864]]	1.4425631939094086	651.0282758852269
[[0.19195405]]	1.3695947615868564	706.9996894064665
[[0.13861559]]	1.549052652571829	865.6099741507177
[[0.24237888]]	1.4423216447865261	847.4515060007653
[[0.22202742]]	1.5268469855310236	877.8275096552966
[[0.17801599]]	1.5238266852580815	614.8934227595961
[[0.20530125]]	1.5666426716443753	960.2371032605159
[[0.30255607]]	1.6770437281184358	1052.1053305152375
[[0.26694993]]	1.4455741318132467	911.7260260980182
[[0.27225747]]	1.6328252588403669	1093.5851189070954
[[0.29251287]]	1.597002962174742	1009.949757575563
[[0.30230333]]	1.5963869182877004	917.3813937803129
[[0.16176609]]	1.5129288876210558	1093.9750001178684
[[0.23073842]]	1.5036919742630752	698.178187052034
[[0.27296003]]	1.5540671374639174	887.8203996100096
[[0.14604709]]	1.4273268744296015	731.6875942456749
[[0.19063678]]	1.5083188570742592	871.7026226212239
[[0.17049245]]	1.5091914298747495	832.6395175690284
[[0.1404852]]	1.4445910830573294	690.0560038440452
[[0.26640468]]	1.3777100631261812	668.8388137979837
[[0.12890402]]	1.476365091322396	1082.4552956308441
[[0.21791792]]	1.446793112270584	939.1377938168521
[[0.27331141]]	1.575641780827115	1025.7575348315597
[[0.33146283]]	1.538093063298717	735.9214248290431
[[0.26620274]]	1.5069126292348423	921.6066034652453
[[0.27967914]]	1.6783001580521892	841.7965882725156
[[0.24756519]]	1.540740741281321	823.0734672857716
[[0.24582384]]	1.6174204167166883	834.2630500204993
[[0.16002441]]	1.3448331677806662	532.2117765112026
[[0.26885721]]	1.4876036791948064	621.7186308841317
[[0.24686937]]	1.5458338700738827	604.6680264508484
[[0.17232043]]	1.6209032180233667	783.9714020265916
[[0.25324232]]	1.6326960581467322	925.7505233361045
[[0.2974608]]	1.6175720870961727	907.5116469375989
[[0.27228215]]	1.6803336646215723	1584.658651649067
[[0.24174975]]	1.5198888728129503	813.700620813979
[[0.22885559]]	1.5729341836822457	1037.3628018779286
[[0.25953836]]	1.5323239714568484	832.4800625655421
[[0.20318282]]	1.9407048943507292	916.012467560805
[[0.22313519]]	1.6732781832648176	860.7355054112271
[[0.23164534]]	1.8087217046181878	980.0818621391797
[[0.23104349]]	1.8053325270025493	926.189583218811
[[0.14940536]]	1.4585803349724873	597.0603463697175
[[0.16439457]]	1.6230322207576102	802.1346945589797
[[0.14018677]]	1.481347744159531	511.6015088433655
[[0.14017654]]	1.7304597888042488	776.9253450881023
[[0.1988939]]	1.848747705011497	828.0335543289235
[[0.15749551]]	1.4988329046981128	724.964827065497
[[0.13842354]]	1.5305432488532724	845.7649838699743
[[0.11959036]]	1.4694051061305018	638.3056133615128
[[0.11346079]]	1.3311285318862691	603.4293860563575
[[0.19271358]]	2.090051533823501	954.0360708639674
[[0.19285922]]	2.2314382870840737	1248.4102187729748
[[0.17064443]]	2.0887576544133313	1032.6747336054304
[[0.15136779]]	1.4267950918644956	527.861309430377
[[0.15701888]]	1.4712345130534183	428.9479550499971
[[0.11884302]]	1.3149185260196488	483.0078075433427
[[0.20035585]]	1.5377148235869165	704.7799168577386
[[0.2973242]]	1.694296701903239	1053.1916825085318
[[0.27487566]]	1.5594804592798353	817.391194932395
[[0.21527152]]	1.7642354715837452	939.7768282753412
[[0.1849505]]	1.6398002238228275	1247.4270804187024
[[0.27276872]]	1.9487490418848636	1118.1665459708777
[[0.26160455]]	1.630518371093148	1008.384851392628
[[0.25666818]]	1.7396124408402938	1060.1906004794703
[[0.19606875]]	1.4066922129244428	818.402336444698
[[0.18606618]]	1.5561174962976878	756.0932355563973
[[0.13896071]]	1.3367384634533703	571.42678519571
[[0.29734791]]	1.5925633267456374	1078.8744286827075
[[0.15942211]]	1.4675925514719725	636.6138559307086
[[0.15449673]]	1.4070854324268098	844.5344421623506
[[0.14792323]]	1.3069530223859878	396.57793953486737
[[0.16192087]]	1.3512894575147667	694.1677325209649
[[0.108934]]	1.431435081992425	580.4714243560293
[[0.18826637]]	1.4575467294234086	859.4706470258578
[[0.29815197]]	1.6212889476304504	1015.7035573715253
[[0.31247146]]	2.458269765735154	1557.7097799998978
[[0.29198758]]	1.9363345404529941	998.6508159573912
[[0.17680295]]	1.5131404771628056	781.254334630184
[[0.22761638]]	1.5427892276412705	755.0163934665775
[[0.27533793]]	1.6440020550766912	877.4849146606814
[[0.2385538]]	1.525976285204354	657.5485573369625
[[0.28896605]]	1.8970481672188988	1127.2917305988433
[[0.28782212]]	1.5985664778151056	893.9551420928763
[[0.14621487]]	1.6600510281947232	872.8434040771707
[[0.13316607]]	1.3934744202234524	734.5867858111856
[[0.14919531]]	1.4515417058801197	696.4585087695112
[[0.27199049]]	1.6180495679204754	750.5928929098774
[[0.13574594]]	1.5260436942619027	763.1101405288537
[[0.11510125]]	1.5280322614595867	762.4702035029693
[[0.27460713]]	3.2866840161097217	2042.0800430322588
[[0.27042212]]	2.5007018949881847	1470.2344940032622
[[0.25030035]]	1.6328945403717363	784.3686400209759
[[0.2474447]]	1.6104080022578118	1082.6580364326271
[[0.1452621]]	1.5554864726200799	647.4486872805803
[[0.18760373]]	1.5235139821300088	616.9556264285789
[[0.08704909]]	1.370832466782402	623.7497142553715
[[0.27201939]]	1.5668037043929635	789.6364803650939
[[0.21750773]]	1.461138134211693	774.9531714558922
[[0.27755672]]	1.6050826867114714	973.0511149765924
[[0.12120092]]	1.3693213804090205	770.2831901679542
[[0.24466994]]	1.5286351980298827	743.6380975923053
[[0.15362267]]	1.3815860839352263	681.0134115726444
[[0.26789483]]	1.647790069616159	1175.8678087844264
[[0.19343671]]	1.4806399490552706	713.1404138912161
[[0.25129621]]	1.639860142985093	872.3966533510361
[[0.19787559]]	1.4377902581402027	608.2890681233848
[[0.28887622]]	1.4713262642706373	1073.9203722699226
[[0.20396716]]	1.3959947699862423	767.8210692853803
[[0.26121797]]	1.5233323521693918	772.060840299991
[[0.24231083]]	1.5360614292031547	742.6281907438902
[[0.2437936]]	1.6001618255104226	798.5240119320459
[[0.21482214]]	1.5951716827780047	1063.9538049714606
[[0.30163968]]	1.556525695590621	723.7548259299097
[[0.28868849]]	1.7093101969983717	957.1464574297308
[[0.26433199]]	1.728862568635111	745.204015233018
[[0.27050225]]	1.4880774150714675	1169.1919111116204
[[0.14681204]]	1.405085630386201	439.21124090563234
[[0.27503388]]	1.6923249869699422	961.3061702306985
[[0.26918683]]	1.6488143127961337	889.5439318535259
[[0.29544798]]	1.6890912246814296	885.4479476216451
[[0.21116738]]	1.505274214641647	876.2415793609035
[[0.19105565]]	1.5603829916614582	685.2830368169715
[[0.27159426]]	1.6182517950931212	780.2555885291208
[[0.29044183]]	1.6373697528034359	800.5064732530253
[[0.17783814]]	1.4144873214404114	721.688151287287
[[0.19138659]]	1.4924402790739193	774.5221799587601
[[0.25020651]]	1.5812929068182737	948.222891578099
[[0.26414397]]	1.5298242189060873	772.3197651393072
[[0.26743065]]	1.5748459794532772	892.3097954371603
[[0.25136967]]	1.3695142452125624	666.2770495622481
[[0.18100882]]	1.2815810021142182	429.0644587501892
[[0.22246997]]	1.5207371034537702	643.8080804011884
[[0.22869796]]	1.3729521071475415	722.2773458062453
[[0.2781368]]	1.462542489577289	567.4110700308373
[[0.1695338]]	1.455140600563687	709.0864844581287
[[0.24170967]]	1.4680307103460386	690.8570921913054
[[0.12513141]]	1.3552104176955109	636.7929016832279
[[0.12060155]]	1.6782776883663397	925.1429094415406
[[0.13515903]]	1.509223261929703	775.182210076502
[[0.13015933]]	1.5004713192913082	451.0446647635993
[[0.1704322]]	1.5635306201542143	672.816582182187
[[0.27935979]]	1.7978594839837572	714.305521703094
[[0.20503163]]	1.6100915541820975	764.0654856969809
[[0.18120448]]	1.5083637964459582	395.6915306405986
[[0.20304754]]	2.2637047559640093	880.8443922335343
[[0.14041645]]	1.5261242106361967	892.2566524407473
[[0.19272799]]	2.0566934127060414	1214.987455571653
[[0.19842935]]	1.6190363616240342	745.0955239526209
[[0.22605922]]	2.4268496550222176	1309.6426940294707
[[0.20478672]]	1.7311413692750182	879.669811052355
[[0.15988522]]	2.0276607061146183	765.8666647536544
[[0.1283548]]	1.5832384071180794	592.9642312272409
[[0.26265605]]	1.4230763588563973	679.4136695659196
[[0.21478421]]	1.4111674253561424	816.9095742113956
[[0.18306684]]	1.484905444419041	768.978794903655
[[0.1476042]]	1.489962996209008	793.941639643587
[[0.16642261]]	1.5591415415182712	552.8808848138472
[[0.27377833]]	1.5592033331543576	1276.615795441665
[[0.13886113]]	1.5113260500304555	614.3773426483099
[[0.17520749]]	1.68895078914487	937.057383968571
[[0.1484451]]	1.6048280302718434	626.6676600155529
[[0.17004281]]	1.863356745761338	678.9285922191576
[[0.17350939]]	1.859269135410543	656.6422788229751
[[0.17385652]]	2.519039031115228	1294.419252831695
[[0.16142883]]	2.0430786555550426	1077.1066607253715
[[0.16998729]]	1.6813635252230095	882.4922147829477
[[0.20076876]]	2.0117446786378625	1197.2896050497866
[[0.15249493]]	1.9715801151818144	662.7312779819239
[[0.13043141]]	1.712774273566842	682.4366249132606
[[0.20253744]]	1.544088724472902	817.0999747552132
[[0.18493866]]	1.488111119600242	488.4133256376583
[[0.14711695]]	1.5996375328406	817.0691560708894
[[0.12628951]]	1.7641025259424687	729.2598662432212
[[0.17051988]]	1.457788278546291	528.883993381013
[[0.14713105]]	2.121829287036209	1186.583792440372
[[0.15990524]]	1.5173292010999238	766.6268597878371
[[0.16841935]]	1.6632698106926695	668.0979523463637
[[0.15867451]]	1.3507801446355105	430.76186168514676
[[0.10050808]]	1.2966544163716163	471.49440154577826
[[0.23082317]]	2.3358698970174405	1019.9891190391949
[[0.17226419]]	1.597750079229239	511.73450527481594
[[0.16224404]]	1.8299274706386888	809.7537539211812
[[0.22241492]]	1.5971321628683768	631.6586284380987
[[0.1609186]]	1.7171333926216523	680.371803997019
[[0.21155268]]	1.6202665769242963	756.1425707764931
[[0.2210284]]	1.7107913237906203	730.47944857335
[[0.18666028]]	1.6614890880890936	795.955054473057
[[0.17104974]]	1.5834724663456787	929.8580553819384
[[0.1371013]]	1.5247011305323928	617.6149475938754
[[0.17309017]]	1.6824027481935506	549.699545500016
[[0.14306424]]	1.4946404358133532	579.749299885946
[[0.14726477]]	1.5301856063535006	535.1704355994909
[[0.15437729]]	1.5766472992688818	684.452003128802
[[0.13781531]]	1.4985239465176816	560.7866671439303
[[0.16663088]]	1.6673012468288406	572.7138742190673
[[0.1431014]]	1.7645612820285634	590.484699693945
[[0.13687969]]	1.5674703050731664	626.6861857777659
[[0.14107233]]	1.6342052720462927	522.3972532845744
[[0.17241559]]	1.6445094954821264	703.3836486354614
[[0.12330783]]	1.3557159856271255	438.4929925297282
[[0.13469124]]	1.6136717241274572	549.1860598639374
[[0.15130855]]	1.5812049005486963	710.8380829813804
[[0.15804413]]	1.3811572874302642	726.9343390579849
[[0.16135907]]	1.4779922710726667	581.7787825531657
[[0.13167714]]	1.4572995628790635	695.2269384630017
[[0.15932632]]	1.5082495755428897	535.8954799521894
[[0.13878191]]	1.6679210356635237	491.1610224122783
[[0.13944785]]	1.6395642921214075	514.199685677764
[[0.19674607]]	1.5474236003477375	481.3818284599628
[[0.23014057]]	1.6780398841910988	937.2166615453915
[[0.13771642]]	1.5759320142693383	553.8496997815179
[[0.16890431]]	1.4411026643291887	602.8410427566947
[[0.12159304]]	1.4481319310524523	670.2978989316288
[[0.1738951]]	1.561680616019269	623.5533651263179
[[0.15145479]]	1.6157501700685393	694.6676921569103
[[0.17916178]]	1.658236601062373	755.0611980069122
[[0.11293463]]	1.4925544999769877	656.2190551523131
[[0.12210937]]	1.5950143949770579	910.1465126957689
[[0.27385986]]	1.7142310581994205	1230.9653284567264
[[0.17317726]]	1.5120001406059418	603.8405304676816
[[0.14582068]]	1.4790651985719823	553.3745709131182
[[0.11433045]]	1.6333888734604263	617.3620072141196
[[0.12824704]]	1.589593583265857	607.6094704056128
[[0.15606639]]	1.4574643405752936	478.37996037010635
[[0.15635896]]	1.5009600349585357	485.799203332049
[[0.24125904]]	1.601491281923187	1122.7123876157361
[[0.16022038]]	1.492827881154824	438.2396464164706
[[0.13127239]]	1.5119177517578268	742.2899903250108
[[0.11946655]]	1.612010839848412	726.7576621443384
[[0.23284505]]	1.6820825551701948	1102.7828314056815
[[0.12336706]]	1.6967683673466882	653.1515733479606
[[0.12718116]]	1.5465079606493688	606.758262811791
[[0.17838281]]	1.575632418458011	941.0739473449606
[[0.20050455]]	1.5760780672273602	884.4359007113721
[[0.1345406]]	1.615826941495192	503.96377537153546
[[0.11812975]]	1.3607042558857227	505.5372447144767
[[0.12327724]]	1.427459820070878	633.9738985984698
[[0.16579162]]	1.6314939299537818	1017.8513501370833
[[0.12858783]]	1.3923490634571547	655.8373597945505
[[0.23672748]]	1.6254589468293603	979.5397928012844
[[0.21726987]]	1.654031024860868	968.4143246962338
[[0.22836516]]	1.5817160859017732	877.0622517900979
[[0.17596818]]	1.7390975105395752	793.5911391627125
[[0.24545158]]	1.5674553252826002	984.3299463489575
[[0.15064044]]	1.5297025081077356	745.6740436596662
[[0.15942296]]	1.6878422846429595	664.5763115005972
[[0.14936266]]	1.8024021054730053	681.898937919166
[[0.15283467]]	1.537317859136908	729.1042496598527
[[0.1686889]]	1.6221353057974495	854.2574600801971
[[0.1556126]]	1.6018863738993747	774.035298534495
[[0.13271297]]	1.492095743890893	641.8927852969891
[[0.1672828]]	1.5886461115125348	640.5455424986183
[[0.17103274]]	1.6970773255271194	710.4596485721175
[[0.15491349]]	1.5886086620361188	792.2801078533867
[[0.16110328]]	1.5869683749691026	673.0752582776348
[[0.16021772]]	1.6492019148770383	754.4116673741031
[[0.12976748]]	1.4881878910268944	777.6035270243285
[[0.19840584]]	1.5258545744060024	595.9454663838766
[[0.12860998]]	1.4991999095669886	785.8299205481006
[[0.1537676]]	1.5343649679215146	632.0673676803611
[[0.16332046]]	1.598873563521716	681.8610340954215
[[0.16616727]]	1.570668490359084	796.2606167974292
[[0.12133952]]	1.3842206546010847	762.6947029145113
[[0.1878447]]	1.5627160940421685	735.1383708153796
[[0.22512819]]	1.8742695231889301	918.8013686126421
[[0.15066933]]	1.7187437201075357	657.0105988807273
[[0.20911921]]	1.8394677247556381	972.8861124377084
[[0.14976401]]	1.3801442790932144	530.7751933963754
[[0.13296092]]	1.4528692898190632	604.8721752306939
[[0.16200086]]	1.463317693739098	438.53317486070387
[[0.169328]]	1.5976920325407944	680.6281765649762
[[0.26469996]]	1.7372905733025081	928.579955808213
[[0.13902225]]	1.5899774403991198	717.3950594509824
[[0.15806267]]	1.6204837838875086	509.40179075441483
[[0.15388814]]	1.4648212902171962	430.50832218706813
[[0.16062687]]	1.6106289541686656	712.998688409238
[[0.157597]]	1.6053111285176085	1074.3492069623637
[[0.11869023]]	1.457175979606891	742.4810219569538
[[0.18257744]]	1.6250282778505776	731.7227208267878
[[0.17214131]]	1.6870315034785552	682.7159848836723
[[0.15242704]]	1.5711197565498956	689.8252500851269
[[0.10528301]]	1.6750233288657983	909.4924052368275
[[0.16618791]]	1.6217083817663083	514.9511334697969
[[0.14821197]]	1.5023774976408772	873.7262977430552
[[0.14996052]]	1.5684814409363956	734.9863888105428
[[0.18251006]]	1.6185251762709572	680.9681731767237
[[0.10827596]]	1.4820986061616697	755.9795402521246
[[0.10379997]]	1.4074243501883736	474.6777454468232
[[0.10802566]]	1.551187272727535	794.8688249772321
[[0.1382007]]	1.5161869920692388	800.1187008979587
[[0.09603218]]	1.483473001946133	695.6701964891091
[[0.09813905]]	1.5124832388517069	687.3719791617286
[[0.09809994]]	1.3966501358235204	543.7121657687717
[[0.10838236]]	1.6866289216070844	814.4850684007512
[[0.08971777]]	1.5645529908603681	549.4067677514004
[[0.11801934]]	1.4960260664407414	706.7838042064373
[[0.18838766]]	1.6349168120981947	917.2261395405149
[[0.21035387]]	1.7396817223716632	931.9262692506016
[[0.22831224]]	1.5996543851049874	987.6531284857616
[[0.16109647]]	1.7331467887370893	890.6126610462509
[[0.15675856]]	1.7363936583423476	926.4636837552495
[[0.15255135]]	1.519662303480634	842.9727825484865
[[0.25323088]]	1.8817032442574855	951.2938260241001
[[0.2410492]]	1.7855648208764185	1023.9970115773089
[[0.20729818]]	1.5947222890610138	996.6281165742402
[[0.23744635]]	1.7339931469040886	1041.9323602448646
[[0.26051325]]	1.886478052500512	1002.344940558323
[[0.23855832]]	1.7118211843920574	891.6634124570297
[[0.25264087]]	1.7396892122669463	962.435589110982
[[0.25595628]]	1.7089731517106286	919.3945515074832
[[0.25114277]]	1.710995423437087	893.6817728740544
[[0.24270729]]	1.7264770369874183	1024.8628258961185
[[0.24797017]]	1.7581574215614453	799.1496808173076
[[0.23816145]]	1.7184871911940869	885.04820713041
[[0.25190535]]	1.7637991851835	915.3230059780623
[[0.23113217]]	1.8351067332270072	960.3971709645317
[[0.21319975]]	1.6490053051258549	912.9859475948379
[[0.25756062]]	1.8369361401499236	1034.85493213869
[[0.26199131]]	1.7159406267978061	877.4369648915813
[[0.26993362]]	1.6952479186042029	835.7287196300343
[[0.23903976]]	1.8067799492660235	941.6372127525518
[[0.25422095]]	1.8035630392418982	932.073366393075
[[0.15620666]]	1.5575499387705958	874.6421779189102
[[0.20991326]]	1.7193841061542476	765.2238107480684
[[0.23087035]]	1.903004506442847	862.8350925703893
[[0.23181177]]	1.740767757187724	794.3984817277344
[[0.20777471]]	1.8208197579743428	900.5167422312884
[[0.35262704]]	1.891734086515483	903.3404078810299
[[0.24834079]]	1.7440913982196349	935.2900831626689
[[0.23942395]]	1.77023113275793	1024.3538962066925
[[0.13020123]]	1.5416545085058688	652.2011112943742
[[0.32815604]]	1.7663307697892145	866.5493171290148
[[0.14279781]]	1.2532935401034715	334.968050645848
