[[0.114164]]	1.413779526336151	771.47683226848
[[0.10321409]]	1.5008720286889583	840.2496502441861
[[0.11190511]]	1.459821785115674	932.3500248869977
[[0.1307185]]	1.4375842860199153	885.43563965778
[[0.25265605]]	1.304706053801034	832.1447579925896
[[0.10786574]]	1.4186928976419166	872.1464961224775
[[0.19442073]]	1.4231624926521538	768.1260383202813
[[0.36073218]]	1.534252619492267	933.131326630871
[[0.13584403]]	1.4894274686962605	794.0509541548545
[[0.09610081]]	1.221051413383206	694.7965897899388
[[0.09034348]]	1.3564818274198307	699.4716974326205
[[0.2290005]]	1.5806094538736835	899.2807415397084
[[0.11793768]]	1.2385777683458452	751.9065254599932
[[0.12569734]]	1.2264591177776614	511.8286870659885
[[0.08491683]]	1.2270339672406454	545.6439382238545
[[0.09452378]]	1.484532822128703	827.1060765688964
[[0.12753382]]	1.248825817567055	726.0610065384437
[[0.05217852]]	1.2187576329527323	583.8502598933885
[[0.10690651]]	1.4750412523310943	585.2076199405869
[[0.0851012]]	1.2515240523428204	622.6036856023828
[[0.1078664]]	1.2779652551662635	552.1401040973717
[[0.09071182]]	1.074657665125828	535.2432769160655
[[0.09351455]]	1.2154826762401623	630.5349137838648
[[0.09778901]]	1.3119843595424632	575.4063227066069
[[0.11346442]]	1.2051784528043286	587.2694626964469
[[0.1202219]]	1.2477304203818902	657.6771685820597
[[0.09547279]]	1.3956801943843486	694.1537662059932
[[0.11787046]]	1.2793321610554438	541.2869308664888
[[0.09556962]]	1.2578661211738522	581.7188392725235
[[0.10994324]]	1.2098352951966451	593.0935005471412
[[0.15651707]]	1.2639254464579441	428.3334614828515
[[0.08511853]]	1.3002102441573056	557.8806035084824
[[0.0693802]]	1.1946289352979707	665.3932159782195
[[0.1215417]]	1.1689348495290246	422.95585367966123
[[0.10683548]]	1.2452924594672152	502.44244527772884
[[0.14471094]]	1.291875863180948	563.2257578945346
[[0.08029839]]	1.282605245294193	662.7912051543013
[[0.09065453]]	1.2912448395033402	675.0508806324654
[[0.07940482]]	1.1441376787202393	688.3259579072737
[[0.09798236]]	1.206953557986442	446.03411171645297
[[0.10546373]]	1.232896682773554	623.689537667386
[[0.11138118]]	1.5041301331371413	493.1636590210272
[[0.22871189]]	1.5186474226697633	779.2315297648149
[[0.10939899]]	1.1453772563896054	537.3794729312709
[[0.10411794]]	1.147852666780696	592.329227573408
[[0.12132199]]	1.1305453912550898	601.964899723294
[[0.09961535]]	1.2722111431149612	786.7567079526327
[[0.16757528]]	1.8640813931299858	731.5646272359264
[[0.14173329]]	1.4666694218783207	465.04393010190233
[[0.10262854]]	1.2188849611725463	600.5956150602834
[[0.15624516]]	1.4924159369142491	572.2943437926916
[[0.15893369]]	1.4938427619656947	673.6914118235895
[[0.11882895]]	1.5988361140453	788.3006127074673
[[0.11994287]]	1.5800420943059827	811.0941907207158
[[0.14337068]]	1.3925082237319224	753.4028297446315
[[0.10772364]]	1.5652270814358544	760.1880302421723
[[0.1688095]]	1.5074743713810808	581.1032853591381
[[0.12303221]]	1.531689202831599	777.9255693277097
[[0.12093032]]	1.569765957977461	698.5760814578466
[[0.10389638]]	1.6182143456167053	781.9700311692962
[[0.13806109]]	1.656804158589465	691.660394984406
[[0.1343238]]	1.8010483069005707	727.7504518193201
[[0.14538698]]	1.5932898465881058	847.5262452846365
[[0.16991069]]	1.4971177186782647	505.93075889034054
[[0.17672684]]	1.549391570333393	551.1931953940748
[[0.09255374]]	1.6238411294481936	811.0620087642187
[[0.18453037]]	1.5748309996627108	697.1407575951108
[[0.14979124]]	1.498576375784664	540.1228936839949
[[0.17516838]]	1.4416250845251903	685.6985023634667
[[0.12739348]]	1.513859507109991	605.8696396704006
[[0.17037303]]	1.5247498148517333	623.4418702983616
[[0.20077865]]	1.4734964614289385	542.1484164160382
[[0.20680156]]	1.4001235747610947	586.3023448365911
[[0.19216044]]	1.4526726800678798	536.9235695964462
[[0.19987783]]	1.4514724243487502	575.9078679245896
[[0.19130851]]	1.478437919842016	535.0860075138673
[[0.19215474]]	1.4854128848244765	678.8848378214927
[[0.20078849]]	1.530365363840297	594.8132100694925
[[0.19547606]]	1.4348242596080638	582.1306830512065
[[0.1966377]]	1.592967781090929	601.8700643272422
[[0.19794104]]	1.5391996953268068	596.1491259567778
[[0.20059932]]	1.4521914542959353	587.7993471894904
[[0.19931858]]	1.5242685890797891	522.3684373455169
[[0.201659]]	1.6123066907120978	572.3443137650711
[[0.19281556]]	1.4550076549224107	585.2208658495609
[[0.20081436]]	1.3606349743543535	563.8631492245888
[[0.18008687]]	1.4449374907141763	481.503239992688
[[0.16744548]]	1.3987753936101224	530.8432064570967
[[0.16481992]]	1.5280116642475579	509.3561975133483
[[0.18890905]]	1.5333107651604072	631.2437547227224
[[0.15987009]]	1.51840400107306	676.0528397023576
[[0.18732043]]	1.5405684736898078	591.3540886332063
[[0.18602082]]	1.6654774573273865	664.1362660182104
[[0.18427982]]	1.5700337217338345	705.9280923689417
[[0.17296104]]	1.6240339942517354	697.5220769739708
[[0.17033323]]	1.594684839584598	665.0061571358457
[[0.17474243]]	1.5470753202170697	693.6797023631376
[[0.17681845]]	1.6186880814933664	673.1128391550656
[[0.17827119]]	1.6830618589784703	719.1092478433461
[[0.18323824]]	1.574537021272846	723.868656192601
[[0.186119]]	1.7166783814831992	678.0305488080238
[[0.17895547]]	1.6834195014782423	681.0709168926436
[[0.18331186]]	1.536817908626756	641.6027233930455
[[0.17890381]]	1.6069888650610404	675.39260924401
[[0.1798517]]	1.6247736214109494	695.4234843078017
[[0.18633017]]	1.5530129347028099	692.1592202997641
[[0.17300205]]	1.5444819439752688	645.0547318976852
[[0.1865155]]	1.6304490895617785	608.3778629617283
[[0.18595655]]	1.4754138746214323	556.5976609245886
[[0.1697344]]	1.6039517125237113	578.9518808315512
[[0.15535952]]	1.541506583074026	621.9209731694046
[[0.10969807]]	1.4850402625341383	487.51362401582463
[[0.11138766]]	1.590368787427666	513.9845406138145
[[0.1156347]]	1.575950739007546	599.4870458053662
[[0.14812474]]	1.5697228910795826	608.5196459314253
[[0.14242134]]	1.557967500432633	600.8037997464091
[[0.14463127]]	1.5956491636023074	678.3764414072989
[[0.12392603]]	3.8713283896502992	3532.7919048133017
[[0.17046925]]	2.0246404058416765	685.16258330735
[[0.16040571]]	1.93552375928859	832.1681424918553
[[0.18184155]]	1.8738369817363265	696.1947371968847
[[0.19095316]]	1.3358527833361344	490.7027320804258
[[0.16900591]]	2.248105176562968	859.5121274164393
[[0.17688662]]	2.639611365383846	1028.042946193938
[[0.2155819]]	8.56697967437673	8004.0163498319225
[[0.15608607]]	1.895696241120285	650.440713981491
[[0.16723601]]	1.943225244113519	714.4532068056915
[[0.16477888]]	2.28104573601839	947.369988038222
[[0.16188371]]	1.7013297135741443	745.5614686299938
[[0.16211477]]	2.422775151988168	1276.5142789727008
[[0.15528]]	1.852050748831379	689.8005883068857
[[0.17331604]]	1.7464694399720442	722.1333825031911
[[0.1339216]]	1.4565075064528674	446.5404098905156
[[0.15579803]]	2.029317845446022	787.4356851929904
[[0.18958317]]	1.6000607119240997	582.6325783686452
[[0.17753614]]	2.4493155959241135	919.7665552988414
[[0.17066704]]	1.9907767167926027	726.0481626020904
[[0.1825321]]	2.050750180798839	716.2103275262178
[[0.17111911]]	1.9564804862909253	725.7277062427663
[[0.1713763]]	1.5252291681498569	491.12887065164233
[[0.16467053]]	1.6567180247937086	547.9978102691523
[[0.19798443]]	1.7757923800056907	766.5561628316988
[[0.19584842]]	1.8512025181905591	786.3185929926924
[[0.13384205]]	1.7508603910818081	734.3713426059774
[[0.15798291]]	1.607586184209874	524.2512933300177
[[0.13333902]]	1.7464432253385531	551.5476035070748
[[0.1452348]]	1.4371498720934908	633.3994003760993
[[0.1301295]]	1.4957395779461597	596.047135816166
[[0.11078112]]	1.515308801847286	540.7736559969997
[[0.13125736]]	1.5221058818167712	554.9244320724147
[[0.16561537]]	1.5733910672945197	535.0076882799102
[[0.17681989]]	1.9179449750589685	691.9284367978763
[[0.19580256]]	2.067995664688359	818.1196500780163
[[0.16436455]]	1.6369971305130977	520.139163938803
[[0.18603852]]	1.6389332684437996	614.5667870369151
[[0.17926103]]	2.0298290307990987	811.544047340612
[[0.17711061]]	1.6502654800072496	569.5559910561313
[[0.18144445]]	1.7703472261348194	703.1864851770798
[[0.18959543]]	1.9565516402961154	752.9357862908926
[[0.18851775]]	1.8185765343370308	715.5993971381062
[[0.18189753]]	1.7460219187288744	645.3215400553437
[[0.16935359]]	1.4846844925081872	626.8800982418306
[[0.14487926]]	1.4804321044611624	671.2963237056854
[[0.16093389]]	1.5033362042371243	579.9262021608853
[[0.17873383]]	1.3769423488596553	498.21348267297924
[[0.16501212]]	1.3833368469576695	492.9254360076981
[[0.13323164]]	1.5463956122201212	606.4197757378532
[[0.12858627]]	1.5491762358440013	607.7218382640544
[[0.14741091]]	1.3744407238350733	446.80740639257834
[[0.12562721]]	1.448472721287837	486.0823930320041
[[0.09981939]]	1.5778288302498034	597.6131884038597
[[0.1119878]]	1.7368786290619334	742.4716775943878
[[0.17002526]]	2.0458574067051023	815.5356861960505
[[0.16235665]]	2.102095285438853	909.8054019905361
[[0.18247074]]	1.67604008215049	917.2597150583956
[[0.14271448]]	1.6011242770543113	738.8300703033331
[[0.15918148]]	1.7730360985414808	803.5730770044694
[[0.12220337]]	1.5528799890615335	745.6033824033852
[[0.18020664]]	1.5734622212997098	633.1387690675258
[[0.14622667]]	1.5065006849942675	611.8199413732038
[[0.1665915]]	1.6164860522801117	561.4412005576347
[[0.17836043]]	1.7965712219950505	645.0385084215411
[[0.17702403]]	1.6006299439656213	707.0518561067648
[[0.15378317]]	1.6105596726372962	619.2233710418103
[[0.185091]]	1.7263403463985003	661.7791865704023
[[0.15307021]]	1.7072823078504509	682.9064687255423
[[0.19265611]]	1.6040434637409302	641.3961540709907
[[0.16869287]]	1.6629983019886543	647.7148103452084
[[0.18497847]]	1.5354772173710667	589.8506027888154
[[0.19862046]]	1.6045359243557993	802.8536438854854
[[0.19005636]]	1.4541013775931462	491.1251036176571
[[0.17383545]]	1.4372697104180217	464.75772022834565
[[0.19018921]]	1.6440413770269278	791.8378753464044
[[0.18197197]]	1.4385317577732375	442.54252432036054
[[0.19569384]]	1.6398676328803763	796.6610704287813
[[0.15573376]]	1.6069701403228325	808.5402187188754
[[0.19094278]]	1.4423178998388844	554.4033620975782
[[0.20151143]]	1.5901890299408696	634.0723616244952
[[0.17904017]]	1.5282532133704405	609.2413092774017
[[0.17403933]]	1.6932818210923684	813.8406203505027
[[0.16279009]]	1.592203811772045	656.8379930627382
[[0.17053606]]	1.5460398421941701	729.4612034946009
[[0.16150118]]	1.6515368897315692	808.6096189145846
[[0.13513554]]	1.6114622050189193	733.2727153681475
[[0.13451749]]	1.4843998764874264	557.7731302173586
[[0.1827181]]	1.6435601512549836	897.7471411063111
[[0.1699577]]	1.5557092970047544	772.0679237177503
[[0.15079982]]	1.4570748660205681	558.7159631722218
[[0.15460957]]	1.607402681775436	663.5354332442419
[[0.14275107]]	1.6090092643136782	679.1591805024975
[[0.15711127]]	1.643163186804975	778.6438640783352
[[0.1517383]]	1.6066480748256557	562.4076707618798
[[0.14714601]]	1.5511704204631478	621.5678226941491
[[0.15466467]]	1.5462907536861568	706.0742713733989
[[0.14181793]]	1.685265760665546	825.6896308078955
[[0.12739784]]	1.5435026401669931	588.5874498088691
[[0.15032383]]	2.5723034214215565	1232.4834412438704
[[0.18506862]]	1.4376179905486897	522.5825642340537
[[0.16884237]]	1.4978292587301667	550.2612281771102
[[0.17169293]]	1.420205856489119	486.01895645289324
[[0.18140114]]	1.469450045502201	514.8503967328012
[[0.18005356]]	1.5607425066350509	519.918912280197
[[0.17436443]]	1.4230763588563973	424.23519346220064
[[0.18232398]]	5.255137100010809	3607.8947246781663
[[0.19019902]]	1.4574456158370857	494.8165668886669
[[0.19378953]]	1.2893573858919791	451.92388152679075
[[0.19923709]]	1.3672785114705333	484.57973022552653
[[0.18070907]]	1.3909016411936803	460.77728288197903
[[0.19323361]]	1.2778285645773455	478.5627848097022
[[0.17313778]]	1.3729034228282009	450.116526147737
[[0.11037492]]	1.3524054519119604	503.2764311849201
[[0.13951892]]	1.3723472981034248	457.58682313622614
[[0.17229849]]	1.4992991506794906	499.2701585327055
[[0.1320917]]	1.511988905763017	471.0628261026767
[[0.14636989]]	1.3930287714541032	413.85578398348696
[[0.16333534]]	1.452741961599249	566.0962364222619
[[0.16872079]]	1.430094390736736	480.6282756068073
[[0.18004223]]	1.3613202997727643	468.5463726812715
[[0.18528955]]	1.4185337373671492	538.9128067673191
[[0.16667356]]	1.325200279769633	418.89153896906913
[[0.15004932]]	1.2886308660495107	392.44118239656785
[[0.17067159]]	1.353092649804192	439.17046094412615
[[0.16002281]]	1.39302128155882	492.76758503377886
[[0.19308689]]	1.3281307012991768	471.0179275622267
[[0.17353891]]	1.3780995376809064	445.9313857146973
[[0.17958022]]	1.3359613868177405	511.3531913035698
[[0.13338322]]	1.641712019593859	824.0196784167297
[[0.12955689]]	1.625370940559783	781.5647403208676
[[0.13639473]]	1.6405791729322783	662.9755723730772
[[0.13946371]]	1.5384357260079224	599.3426915387562
[[0.15878553]]	1.6735833964976072	709.6638375378199
[[0.14875816]]	1.6865034658610911	736.6665612852162
[[0.18741819]]	1.6188079198178973	829.3067376863337
[[0.18947271]]	1.671048066944251	905.3192227966264
[[0.14588435]]	1.626655457600848	746.2015102708457
[[0.13150302]]	1.6493816723638346	914.0310415550831
[[0.17050389]]	1.6730253992990103	770.9729894409527
[[0.13492403]]	1.5687566945880524	724.8933849674196
[[0.15154443]]	1.5234971298656217	641.8922090536819
[[0.16413211]]	1.5678616521017126	694.4552661529093
[[0.14723094]]	1.6003940122642013	662.8308192754847
[[0.15072639]]	1.916701652441961	926.062263189113
[[0.1422803]]	1.688585656749815	701.167067692897
[[0.14833736]]	1.6865446602851486	794.3478322319824
[[0.192787]]	2.424155165194094	862.7127113325
[[0.15814489]]	2.140304986225991	814.850675309091
[[0.1603634]]	2.030903830772235	755.6113137102905
[[0.17492669]]	1.8409338717573205	761.6012921640261
[[0.19215759]]	1.4580223377738903	522.5436665730155
[[0.19850186]]	1.4720602740083888	525.3105809725847
[[0.18587243]]	1.4509799637338812	474.3178094490107
[[0.18907383]]	1.389173347857087	516.673148793695
[[0.19788833]]	1.3832001563687515	465.9458429382241
[[0.17033035]]	1.6278744380581855	661.9433349459638
[[0.13739602]]	1.575731659570513	743.0767981821634
[[0.19117961]]	1.7054697531919216	788.6504349511306
[[0.17667758]]	1.516415433875376	628.9247869505217
[[0.15741903]]	1.61822558045963	738.8575868429309
[[0.10161675]]	1.6467545915932593	624.4246717383647
[[0.15070281]]	1.4937210511673429	616.6730394314686
[[0.15947196]]	1.4845927412909683	501.1661488262069
[[0.15844911]]	1.4403443124317667	524.0557141902044
[[0.14561943]]	1.4006385050618133	512.8239585898474
[[0.16061087]]	1.4408742225230518	471.07505496436494
[[0.18139493]]	1.4867554485539864	523.1302360444236
[[0.19122016]]	1.516494077775849	488.50800934915316
[[0.16728589]]	1.5281989116296375	481.52903406935724
[[0.16627603]]	1.4071397341676128	464.45118677422874
[[0.17501302]]	1.3537667403796783	447.4778590642815
[[0.15913347]]	1.4738728286669183	486.86605012202153
[[0.16530293]]	1.5505562490499272	585.5489993171115
[[0.15404788]]	1.4112086197801998	526.7415862226853
[[0.14045832]]	1.721597370210427	707.2972520491535
[[0.12766684]]	1.7351259935656695	851.1211833215306
[[0.15901163]]	1.6550477781455595	951.2071342657541
[[0.11515883]]	1.6243523148012706	1014.7025427009551
[[0.13977921]]	1.5960011886806167	576.9571714267631
[[0.1544094]]	1.607430768882748	696.1505959456354
[[0.17539794]]	1.6761580480012	843.282961654693
[[0.1380964]]	1.774502245543163	746.9012229785534
[[0.1599591]]	1.6278014115791746	750.720866302993
[[0.1392287]]	1.6900349514871102	738.8042062810036
[[0.12816243]]	1.6503328890647984	735.3900615077135
[[0.16457007]]	1.5373234765583703	642.5655494711243
[[0.18274642]]	1.6263989286873992	639.8623048031922
[[0.15734915]]	1.622459243768447	728.7079894917869
[[0.17026133]]	1.5762147578162782	651.8789557405562
[[0.14596907]]	1.4954118950275206	568.738460063333
[[0.199125]]	1.4641453271678893	538.6618963591651
[[0.15223451]]	2.03708861180232	737.9171098150705
[[0.1491271]]	1.8873000685078412	641.3276599087261
[[0.16523719]]	2.0396576458844504	781.4813526792454
[[0.17929817]]	1.8821751076603257	734.269393182756
[[0.17547336]]	1.4476001484873466	545.6623649828817
[[0.15846778]]	1.9046953503030246	760.3296878132991
[[0.17608762]]	1.8885471360724904	718.4894582385476
[[0.18575784]]	1.6647116155346815	603.0768354745736
[[0.18482092]]	1.447341747100077	538.6638199200471
[[0.19422227]]	1.433369347449306	516.316506688419
[[0.2005075]]	1.6955643666799172	670.0009047918131
[[0.19410352]]	1.630033400373562	582.6326381323555
[[0.18580025]]	1.4390092385975402	522.1511166168618
[[0.19587379]]	1.3780283836757161	488.4225963819234
[[0.14899381]]	1.516488460354387	558.0521118659157
[[0.15713106]]	1.3913360551201048	596.0988628771494
[[0.15322717]]	1.443718510256839	572.727639163519
[[0.17665276]]	1.689935710374608	662.3405157642516
[[0.15199711]]	1.612012712322233	678.0975564885863
[[0.15113639]]	1.6235677482703577	645.9798697077564
[[0.15883516]]	1.6170271972143213	672.5692794243729
[[0.15481749]]	1.554673818981855	589.1437737556814
[[0.17653345]]	1.6096103284101533	533.6393892169725
[[0.12530589]]	1.586234365231351	732.6016114741129
[[0.14247626]]	1.5505431417331816	770.7047306824978
[[0.16696831]]	1.6254814165152098	849.7790586128388
[[0.14434185]]	1.638427700512185	809.0619845645969
[[0.13345537]]	1.5014356433090175	575.2950967487836
[[0.16756309]]	1.6464456334128283	636.5384077927276
[[0.14938709]]	1.574774825448087	638.3831737440281
[[0.17485096]]	1.6392778036268258	859.0253275135044
[[0.14226928]]	1.5920970807642596	773.3948841957834
[[0.16225293]]	1.892838846069752	808.6257193566345
[[0.14115679]]	1.6933773172572288	708.1675602330164
[[0.14672706]]	1.890869003610276	810.2209260724483
[[0.15058546]]	1.727409528950174	681.6285976587055
[[0.14441928]]	1.7970112533429372	795.8256322376038
[[0.14414506]]	1.7849824815181514	741.2120201084115
[[0.15843864]]	2.084894740921032	841.9677927880753
[[0.16187308]]	2.163849472048665	931.8557813596167
[[0.16353677]]	1.8374286007647926	862.9808854752272
[[0.14369319]]	1.8002375257361667	705.2542809005392
[[0.15506333]]	1.544199200428329	607.2471027000705
[[0.17262823]]	1.519681028218842	619.9797137733444
[[0.14366323]]	1.6096196907792573	667.0018998202544
[[0.17005705]]	1.4666319724019048	682.3353802241787
[[0.18329024]]	1.6465055525750938	771.0068108707055
[[0.16853444]]	1.6205043810995372	641.7654130844483
[[0.14697247]]	1.5746718393879433	779.3532933006907
[[0.16332368]]	1.8400013797945647	846.4232644665897
[[0.17820112]]	1.6548024840750355	867.3220933211418
[[0.13692157]]	1.586271814707767	800.1216881972564
[[0.13283762]]	1.678949906468005	837.5801852308407
[[0.1874038]]	1.6867281627195865	608.180208503858
[[0.19242486]]	1.5710954143902252	634.7330502187855
[[0.18169982]]	1.5190724742270836	583.5130144042879
[[0.14080975]]	1.8202748680924916	872.3360430763344
[[0.13288963]]	1.686679478400246	959.4835219348952
[[0.16344613]]	1.7360921900571995	814.1813386326328
[[0.17082412]]	1.7674729788198995	656.971180149019
[[0.19692445]]	1.5642327978370123	671.1606895570694
[[0.13369911]]	1.8619654977124875	870.3472958958365
[[0.14947376]]	1.8574210037494185	778.136013400175
[[0.12842621]]	1.666057924211833	758.7558435442361
[[0.13773802]]	1.6763864898073368	604.8604260205999
[[0.12731437]]	2.456262473799262	7376.20425911404
[[0.18674168]]	1.797269654730207	709.5704416334988
[[0.20321912]]	1.8253829766756198	750.255510167693
[[0.18968116]]	1.692326859443763	644.2205460761821
[[0.17499704]]	1.6615696044633879	622.4935087158971
[[0.16821319]]	1.7634640123695777	678.1660364245828
[[0.1516671]]	1.6382947548709086	724.3441112913127
[[0.16835674]]	1.4874201767603685	622.5096211316481
[[0.16899348]]	1.5836316266204464	665.2794260321411
[[0.16901655]]	1.4936367898454073	503.4094620790166
[[0.16287291]]	1.4663773159622766	569.4034047174517
[[0.14567895]]	1.6133683833684884	704.2602731863776
[[0.12942364]]	1.5579450307467835	620.6699621712398
[[0.13354189]]	1.4871374332134286	593.4614437715115
[[0.14943873]]	1.635944800225811	622.4905559317348
[[0.13221175]]	1.5317322697294773	611.6226805175969
[[0.17199209]]	1.4669334406870527	661.5896847700442
[[0.16938967]]	1.5587576843850084	495.2672372610342
[[0.17147756]]	1.4363428358767283	445.95550737172044
[[0.18958304]]	1.3914690007613812	444.45873896165637
[[0.18072089]]	1.4594603976682607	562.7595279277438
[[0.17327932]]	1.5596077874996492	637.4681214030186
[[0.15923153]]	1.519827081176864	684.9899600805503
[[0.18515027]]	1.4476001484873466	478.50572878772533
[[0.15118422]]	1.6716491310407262	828.6543441380783
[[0.15445906]]	3.114747852462882	1843.2913572870164
[[0.12017132]]	1.6901154678614043	827.53582562652
[[0.15759552]]	1.523057098517735	771.1082800350595
[[0.1847008]]	1.56394443686861	709.046628952472
[[0.15767061]]	1.5341683581703311	563.8756764927185
[[0.13353869]]	1.446701361053365	614.0749202782603
[[0.14335494]]	1.4235032828875385	597.6695319159462
[[0.15234103]]	5.669899413685958	5356.989931490535
[[0.15424022]]	1.6046632525756135	629.2206255239273
[[0.16011699]]	1.6585287069784171	819.6977276896037
[[0.14643454]]	1.6326904407252698	986.8320813023838
[[0.16572669]]	1.6013939132845056	558.4671637957562
[[0.19621631]]	1.4533205560098748	483.8181896753187
[[0.1846626]]	1.5307248788138896	569.2224159829144
[[0.15437342]]	1.5899849302944031	622.032449757905
[[0.16804352]]	1.5533181479355995	843.9737743324555
[[0.16346055]]	1.7301527030976385	1011.0219882861153
[[0.161215]]	1.7073609517509243	840.0113995174655
[[0.24520919]]	1.5712208701362185	1003.8405544588811
[[0.12406982]]	1.6234703796316763	925.0303203207671
[[0.14150275]]	1.6389313959699787	658.5486110389202
[[0.14710391]]	1.5529174385379494	697.599197965145
[[0.13350198]]	1.626374586527729	798.5392649652761
[[0.14622436]]	1.8504947230862987	830.8109462983649
[[0.13569063]]	1.9525426738457938	800.4510319008878
[[0.14813642]]	1.8316014622344794	754.0410816175809
[[0.15505718]]	1.5611956452996831	505.8946505506741
[[0.15382276]]	1.683110543297811	609.6833834340705
[[0.16397361]]	1.515308801847286	613.9638619935826
[[0.13352336]]	1.5499720372178392	635.3558684195519
[[0.1651491]]	1.5255100392229761	675.5435391756492
[[0.12951735]]	1.6536415503061426	779.9646560841004
[[0.13404245]]	1.9087398937559414	803.4540404547693
[[0.15794802]]	2.2908837134728457	949.1303255724531
[[0.12733226]]	1.9895408840708781	849.443816122802
[[0.14054206]]	1.9850413294795082	742.7978300362646
[[0.15274958]]	1.944813101913553	862.896680353467
[[0.15532682]]	2.259027316359664	987.1067787961829
[[0.16522601]]	1.6034423996444551	630.2173983458293
[[0.15042763]]	1.554909750683275	599.8209967639018
[[0.17366943]]	1.5777520588231506	609.0251124023946
[[0.17390717]]	1.6376412615074512	642.0948618869124
[[0.17564169]]	1.5652345713311375	641.3949275034113
[[0.19105093]]	1.5413661475374665	517.4608307656017
[[0.18569157]]	1.712291175321077	569.2667431597633
[[0.13850448]]	1.767575964880043	628.0933312369916
[[0.14278915]]	1.8121333519196758	639.0907052789418
[[0.14410111]]	1.6591372609701753	618.3137540889297
[[0.13993746]]	1.5135336966651727	641.1024764230137
[[0.15787992]]	1.4469560174929932	399.0365207062944
[[0.16314354]]	1.3616292579531954	430.55259962602327
[[0.1659223]]	1.3484695119406498	435.15803795261354
[[0.15389375]]	1.4711427618361994	432.55662303089554
[[0.16528133]]	1.4726950426336383	516.4455768515297
[[0.13856995]]	1.3251029111309516	444.447299898612
[[0.17132892]]	1.415631402944917	416.1014519157397
[[0.15719377]]	1.6348737452003166	564.4310353327892
[[0.16245294]]	1.7953185370089386	638.4880727283764
[[0.17782476]]	1.6660635416332952	640.234446015632
[[0.17668364]]	1.8741178528094458	771.4089470859914
[[0.1848202]]	1.7046196500772808	630.5642897626368
[[0.15984566]]	1.8748874395497923	790.3079676640211
[[0.16864047]]	2.1745375526177617	869.5615731800668
[[0.16449777]]	1.544892015742023	499.1768920924921
[[0.1862975]]	1.3072488732496732	404.22344014193493
[[0.17702478]]	1.7606459392692817	740.8017484993007
[[0.16286661]]	1.6298274282532745	610.6125947159823
[[0.1654603]]	1.3635991004126715	446.7484624743227
[[0.17327358]]	1.3568956441342261	386.5814800688756
[[0.17068]]	1.4355807390316648	494.72202855268216
[[0.174769]]	1.381050556422479	499.6944135650567
[[0.14086512]]	1.5451373098125472	523.4278578461982
[[0.17076752]]	1.6393751722655072	614.49480483794
[[0.14720011]]	1.6868985578372788	617.9855277998665
[[0.11713961]]	1.5358067727635267	820.0078847671057
[[0.18621341]]	1.4970109876704794	562.1426557621812
[[0.17862269]]	1.579929745876735	605.5088824029232
[[0.14893659]]	1.4812166709920753	582.446103986376
[[0.16138955]]	1.4609771014631046	491.3277285956946
[[0.1209928]]	1.423360974877158	520.1403904111507
[[0.16841429]]	1.5378327894376267	658.2863626894754
[[0.18335518]]	1.5677923705703432	642.3545329116988
[[0.16254678]]	1.4576665677479395	447.0176067938481
[[0.1827044]]	1.4871168360013998	628.0763915079472
[[0.15497452]]	1.3976537817914665	473.52608830019875
[[0.15797774]]	1.482158525323935	517.0054129354932
[[0.14505422]]	1.460525835272293	525.0922716975637
[[0.14873364]]	1.401570997024569	472.7112673950023
[[0.17657333]]	1.5157188736140401	580.280329735501
[[0.17894457]]	1.5864478272469218	614.6822749200592
[[0.16529527]]	1.4049826443260571	620.8917119439527
[[0.13501124]]	1.5568608684045433	547.539640340027
[[0.16453792]]	1.6038094045133309	597.3745814920358
[[0.1864748]]	1.4070330031598275	526.1319684909752
[[0.19261994]]	1.5249707667625871	619.433462851025
[[0.19166202]]	1.553349979990553	603.5851087421537
[[0.1875587]]	1.3768300004304075	536.4373571429284
[[0.1753527]]	1.3661887317068309	538.1399368764986
[[0.17700821]]	1.4322102861542343	566.870087415614
[[0.19059562]]	1.530721133866248	734.607534965904
[[0.1668939]]	1.5063827191435573	564.5869145199945
[[0.17709531]]	1.5569975589934613	575.1786252300847
[[0.17084679]]	1.4907962470592615	609.4058677676517
[[0.16720766]]	1.4169683492529646	511.972948639358
[[0.17513866]]	1.4885118289978918	579.3259491599563
[[0.15972355]]	1.4854297370888636	598.9408892782645
[[0.16213112]]	1.45399277411154	523.3704071117539
[[0.16730382]]	1.5500263389586422	609.4053427471453
[[0.12814774]]	1.608389475478995	765.9880521091709
[[0.17080492]]	1.5517059479758952	619.0310314068792
[[0.15618231]]	1.4991736949334975	838.5750819777803
[[0.15701476]]	1.5270548301251319	595.4376468630146
[[0.10900727]]	1.2699847717420363	532.8244634837664
[[0.18467709]]	1.406892567623268	451.0793951535103
[[0.1821713]]	1.5507715835393185	813.4007136719591
[[0.18170848]]	1.753204728305443	985.4663222041935
[[0.17797312]]	1.8552395717481927	789.1030488141835
[[0.1655514]]	1.6201355037568408	948.7364394098036
[[0.18309642]]	1.3937009895557686	455.82696226427475
[[0.1920296]]	1.6659699179422556	728.5660445448071
[[0.18204641]]	1.42192853240425	492.9837085286779
[[0.12360962]]	1.4554963705896382	628.6315056977489
[[0.1445116]]	1.383230115949884	592.4149780475252
[[0.17244798]]	1.2927727781411087	434.6832344829911
[[0.16260966]]	1.4914815724776724	824.5696645909667
[[0.16696081]]	1.5084087358176572	632.0519244666809
[[0.13605553]]	1.2173120831630788	518.5589111292887
[[0.17371877]]	1.395732623651331	436.7948392674486
[[0.14452073]]	1.633098640018203	1176.6227939791502
[[0.13057144]]	1.504798606291165	744.53516567156
[[0.14683782]]	1.552720828786766	883.4739829541842
[[0.24574531]]	1.633109874861128	1414.6895435415868
[[0.11412843]]	1.4264748988411398	631.6563017737398
[[0.18190888]]	1.4679801535528771	647.4877461778465
[[0.14497885]]	1.6163306369529857	794.7207686430605
[[0.19864915]]	1.3370305693694144	494.89079118694883
[[0.1602044]]	1.5581154258644758	551.2304369210229
[[0.19942391]]	1.447907234193957	598.730910917631
[[0.19558447]]	1.2878949838379383	486.9080766172195
[[0.20774375]]	1.3751260492534843	594.6309819467878
[[0.20386208]]	1.4757621547521003	651.8214023494817
[[0.20622412]]	1.3887482962997664	679.7703320592692
[[0.18817741]]	1.3349558683759737	499.6930690464554
[[0.18155384]]	1.419930602837462	654.0164773753281
[[0.18551932]]	1.3115162410872645	519.1926596410366
[[0.17413669]]	1.3312333904202336	513.1727577380283
[[0.14118174]]	1.5238341751533648	685.4621045891724
[[0.1952637]]	1.4273437266939886	555.2935405367214
[[0.2135097]]	1.4311654457622307	684.7141158800038
[[0.20739718]]	1.441108281750651	641.8655499305962
[[0.1601354]]	1.2952201014248874	465.0764112925663
[[0.16520908]]	1.419365115743582	471.28694808487046
[[0.20149956]]	1.5352094536146932	540.6929081052682
[[0.20647005]]	1.3756821739782603	527.4060195676567
[[0.1711006]]	1.3447414165634473	448.7179154030591
[[0.11421147]]	1.3179706583475441	586.8155531760028
[[0.13584484]]	1.3367796578774278	594.0683274803265
[[0.08943638]]	1.5888202515778687	893.4356292130012
[[0.09758129]]	1.9197594021913187	1098.9519298711336
[[0.11871529]]	1.4277912479371586	510.59794104598933
[[0.17526081]]	1.4220146662000066	452.18008519517446
[[0.13991988]]	1.3237622198752625	380.6166351211463
[[0.08399711]]	1.3323737269770977	742.8337105912924
[[0.12671875]]	1.529590159678488	642.3779379359406
[[0.20439586]]	1.7665255070665773	948.7706140907811
[[0.21181598]]	1.550275377976808	938.2061845302421
[[0.172987]]	1.6032476623670926	544.4166853508982
[[0.18423295]]	1.6799835120170836	735.8986271747816
[[0.15361831]]	1.3334054600523557	326.74480525168934
[[0.14396012]]	1.354864010038664	392.2810087918594
[[0.12929345]]	1.4321896889422054	467.51889633364124
[[0.21576029]]	1.615205280186688	818.6630710496648
[[0.12646674]]	1.6335105842587778	669.4698613626234
[[0.08909956]]	1.4372004288866522	798.405707239307
[[0.16144464]]	1.5144549537850036	860.9352437337398
[[0.17690773]]	1.5763683006695834	576.0768111239269
[[0.1737117]]	1.4552566939405764	408.87103833059183
[[0.18782118]]	1.4001441719731236	393.1408614039029
[[0.21046058]]	1.7704296149829344	917.0102147376143
[[0.11224978]]	1.4399997772487405	803.4255358022477
[[0.21649838]]	1.6429422348941212	851.8667634095281
[[0.12582621]]	1.455625571283273	606.2888578685141
[[0.13413145]]	1.5358816717163584	788.0139420351474
[[0.08727877]]	1.4138282106554918	608.1945887121657
[[0.13657406]]	1.5168404854326962	761.4804639222248
[[0.18426484]]	1.6588788595829056	898.9289621849084
[[0.16511621]]	1.4970577995159993	625.6113190438042
[[0.22226417]]	1.4866880394964377	672.3960596476411
[[0.15522253]]	1.661713784947589	850.9162564446813
[[0.18973341]]	1.5780085877365995	721.7940087090549
[[0.11009701]]	1.5071017490907426	598.2490610695068
[[0.20206885]]	1.6508627991560831	837.4406327250038
[[0.19388311]]	2.229794255069416	9454.70386983176
[[0.15360697]]	1.4665514560276107	500.0987743709526
[[0.11873871]]	1.5662700493540371	894.7537136380438
[[0.29909226]]	1.6802231886661454	1364.5154879294996
[[0.13036203]]	1.6105222231608802	549.4692002308909
[[0.12468943]]	1.6320369473618124	625.6938249169336
[[0.20950444]]	1.5785590950399133	882.0963986995803
[[0.28979283]]	2.653110029157956	6203.854296285147
[[0.09800372]]	1.4639093954664693	694.0366368260045
[[0.159294]]	1.573924722333446	1035.4233952351829
[[0.11058972]]	1.5372523225531802	852.9899508023265
[[0.17536322]]	1.622633383833781	841.4640844298269
[[0.13788755]]	1.4485382578715649	737.4557751872767
[[0.18956362]]	1.5806712455097698	1113.2256602844236
[[0.44302624]]	10.31409699029077	10595.412524052585
[[0.10346732]]	1.415534034306236	578.9016806277014
[[0.15605782]]	1.484770626303944	512.2219100844757
[[0.12102538]]	1.5949095364430934	691.4459480757895
[[0.20703907]]	1.7027321964659197	897.465842039154
[[0.18383443]]	1.7526748182141583	922.5627221713928
[[0.1364954]]	1.5440756171561565	633.004864851033
[[0.1173418]]	1.3850801200848295	550.9710127503492
[[0.12973515]]	1.6279755516445085	736.9813725976197
[[0.17690099]]	1.5633115407171814	646.5864964353689
[[0.15521835]]	1.5736401063126852	950.5658806768547
[[0.19421562]]	1.6720854174409714	782.3215630966049
[[0.21043083]]	1.7691076484654533	1095.6157698036016
[[0.20547006]]	1.5607537414779755	793.4267747172462
[[0.19999062]]	1.54794789301756	891.9482176166449
[[0.20228495]]	1.7161297466537062	826.8791575296287
[[0.11496629]]	1.4619264456902474	687.5579993921174
[[0.16610516]]	1.7026572975130878	751.9115848004894
[[0.1279005]]	1.4433103109639056	553.619752338367
[[0.12796076]]	1.4727175123194878	707.4720479546132
[[0.14306918]]	1.6503235266956944	804.4984268413732
[[0.14176692]]	1.6740646222695514	742.2831754961262
[[0.14018461]]	1.5348255964814301	768.6867392487603
[[0.13867501]]	1.7304148494325498	830.1806306816296
[[0.13351735]]	1.7336467392472417	821.0865927391111
[[0.17915214]]	1.567181944104764	843.0296446329686
[[0.20501733]]	1.8055778210730733	935.1972502248451
[[0.14309587]]	1.5976639454334824	789.9806498341203
[[0.14429997]]	1.5611656857185505	824.633204605832
[[0.15751765]]	1.7407583948186203	865.8448891383811
[[0.18225436]]	1.75861617764754	854.4539889036785
[[0.10499926]]	1.3414702047985188	492.64558476342614
[[0.16147388]]	1.6395905067548986	779.1669652299216
[[0.10577126]]	1.619549419450932	871.1716132947973
[[0.15893961]]	1.4713318816920997	731.8359561380975
[[0.16453236]]	1.6979049589559105	929.0053841340493
[[0.11712749]]	1.7192193284580177	753.6954686132899
[[0.15414606]]	1.6005456826436857	872.3306532549389
[[0.13032405]]	1.7406104693867774	765.0794615967948
[[0.14987477]]	1.758316581836213	887.4078725116442
[[0.14966483]]	1.610660786223619	831.6854941036362
[[0.17890926]]	1.5939845343756207	702.7104503374622
[[0.12741902]]	1.7211255068075868	794.7052929713191
[[0.13378976]]	1.5613959999985083	812.7659368275372
[[0.1637959]]	1.6782907956830853	842.1692157847749
[[0.10259958]]	1.618454022265767	708.4993632680039
[[0.13642967]]	1.5543161764820832	837.3327009033236
[[0.160537]]	1.7077485538318289	913.1165635918957
[[0.14746108]]	1.6638352977865494	814.6517509542103
[[0.18807956]]	1.5434015265806702	802.5825311163958
[[0.1577554]]	1.7830557059565537	882.8888004913056
[[0.12857426]]	1.6004370791620794	716.5728741679252
[[0.20092517]]	1.5800477117274452	867.3877730333448
[[0.13676371]]	1.6463688619861756	604.5259952500913
[[0.09689218]]	1.495893120799465	608.8788534574348
[[0.1803868]]	1.5703370624928032	803.9727423559435
[[0.18347702]]	1.7362550952796088	835.3866365261218
[[0.15228269]]	1.5692922221007999	581.4750411471246
[[0.1406915]]	1.5367186675142537	676.9243562071433
[[0.14715672]]	1.6785697942823836	791.2192763305193
[[0.17680615]]	1.6070281870112773	828.8523281724599
[[0.10209514]]	1.5525822657240271	736.3516575044605
[[0.20759688]]	1.6215979058108814	748.687319844137
[[0.20053616]]	1.7081867127058947	923.1457390892975
[[0.19092566]]	1.6359167131184993	932.806384015031
[[0.14513182]]	1.4998271882969547	571.4060427852944
[[0.12364962]]	1.533074833458987	635.0354144354088
[[0.12711141]]	1.4277612883560258	473.0142620039762
[[0.14623654]]	1.7485048190152481	666.7035174350027
[[0.18983447]]	1.8033982615456683	834.7334505788467
[[0.13503779]]	1.542748033217213	619.0571837484002
[[0.14604956]]	1.805471090065288	665.0362857529069
[[0.1735821]]	1.6351003145326326	678.0153469211057
[[0.18763688]]	1.535091487763983	628.149731080459
[[0.11961014]]	1.5153387614284188	544.5250163122444
[[0.11817639]]	1.7227639214007822	631.989421305166
[[0.12766542]]	1.5556662301068762	570.5317138716982
[[0.12134026]]	1.763306724568631	551.453916876021
[[0.12485581]]	1.6811519356812596	623.5571903787545
[[0.11694481]]	1.5451766317627837	581.6481975494964
[[0.12823154]]	1.7536691018130002	608.5542830750467
[[0.10513599]]	1.6451274118429888	696.1922705875046
[[0.16162688]]	1.5769206804467177	684.2492525452982
[[0.12162105]]	1.6705593512770236	609.160338688349
[[0.11802189]]	1.7436008100785867	602.295082646524
[[0.11738851]]	1.5308596969289867	541.4280400475752
[[0.12728703]]	1.7381556562077154	573.2519676650172
[[0.12776384]]	1.756490919860938	547.0701872254211
[[0.12435983]]	1.5728424324650268	583.5322857385611
[[0.13161013]]	1.7575376327267622	582.1284275391814
[[0.12567967]]	1.75190148652617	518.5754099456981
[[0.11339172]]	1.545083008071744	579.5265839511221
[[0.12698752]]	1.6797700500015131	515.6514734783082
[[0.1121121]]	1.5239558859517164	541.484537108675
[[0.15514237]]	1.5771790818339875	573.6054928513562
[[0.15478054]]	1.8315265632816475	613.3407177991186
[[0.15324147]]	1.8486690611110237	580.3967228242772
[[0.15374684]]	1.603599687445402	561.508151296928
[[0.25219747]]	1.6528195342988137	1436.0828064050174
[[0.10881776]]	1.7300459720898531	548.5420554773507
[[0.12561141]]	1.5952653064690443	586.6738416223839
[[0.12728869]]	1.74186502684671	520.0606174889482
[[0.11088055]]	1.5878671624030842	482.81036877740496
[[0.12849742]]	1.566060332286108	502.0906672709592
[[0.12727509]]	1.7432581473693811	508.6698400434868
[[0.13134571]]	1.762849840956357	507.13494399373195
[[0.13278579]]	1.55397913119434	513.6034879852376
[[0.11525988]]	1.6414105513087112	810.7517265225731
[[0.1224902]]	1.7289973867502082	520.2236993674753
[[0.16245684]]	1.5377073336916334	494.35106709704206
[[0.11106414]]	1.6047100644211332	619.7709597614343
[[0.11772027]]	1.6894469947073807	555.4310613488593
[[0.11462766]]	1.5127603649771844	584.3753244920001
[[0.14696131]]	1.730047844563674	577.3144355924336
[[0.12355261]]	1.712465315386411	580.4287319862685
[[0.12988681]]	1.5901721776764826	567.2900691129242
[[0.12370567]]	1.770204918124439	570.7228924706575
[[0.13811437]]	1.595596734335325	549.1955882179665
[[0.14890161]]	1.5478336721144916	487.61330110946926
[[0.12964183]]	1.5473992581880671	639.8858191388534
[[0.15363235]]	1.7719950030971188	599.4801485244881
[[0.14143874]]	1.588297831381867	560.9915075175898
[[0.14696402]]	1.7970730449790233	598.7011306526996
[[0.15035568]]	1.762001610315537	600.5040954293391
[[0.14065465]]	1.5769581299231337	608.4832533771248
[[0.17036766]]	1.5663206061471986	520.24272302066
[[0.15498853]]	1.848603524527296	568.7222590012226
[[0.15483108]]	1.6023020630875913	538.6365435910965
[[0.16013335]]	1.8603982371244823	574.9600919351936
[[0.16298573]]	1.786810015967247	587.7507623598764
[[0.15918261]]	1.5966453196749701	578.8498367713887
[[0.16877484]]	1.63017009096248	480.21693902294135
[[0.15806682]]	1.7858681616353873	536.3263381546961
[[0.14758401]]	1.5769768546613416	554.7066463480224
[[0.15452346]]	1.8604057270197656	591.0755887170207
[[0.14286907]]	1.844598303024616	561.0945866305203
[[0.14796455]]	1.6005325753269402	564.8933371965718
[[0.13988072]]	1.8110585519465396	561.0575000512835
[[0.14048165]]	1.8272629403916978	574.6302577821494
[[0.14352596]]	1.6050414922874139	566.974129325662
[[0.13755705]]	1.6351564887472565	547.5353143792332
[[0.12959111]]	1.8936926941320344	582.2077252777871
[[0.1330501]]	1.583762699787902	562.9139383665292
[[0.133358]]	1.8268903181013596	576.3542545093094
[[0.13428026]]	1.8042127876577139	558.428792363842
[[0.13374639]]	1.504452198634318	456.6455234090987
[[0.14039236]]	1.8153839664725757	525.2784456456528
[[0.16895383]]	1.5964505823976074	484.37312491591393
[[0.14444041]]	1.5617779846579503	507.31073473057853
[[0.11885109]]	1.762157025642663	550.6975889310922
[[0.13015119]]	1.7759009834872967	576.3524525924194
[[0.11555627]]	1.5792219507724745	519.816818036624
[[0.12610703]]	1.8279426483886463	566.141084698236
[[0.12796225]]	1.7658907384413278	546.2027013564222
[[0.13325307]]	1.567129514837782	531.8628795328244
[[0.12766276]]	1.83549059036027	597.0579261478307
[[0.13765401]]	1.7786965869017433	501.92102204874766
[[0.13635042]]	1.5687641844833358	490.23903087120857
[[0.20409524]]	1.7060240054428768	974.901497995916
[[0.12633148]]	1.6136005701222669	512.4562820685718
[[0.13543527]]	1.5454331606762326	492.4879982630228
[[0.14785061]]	1.7725249131884038	683.169874176901
[[0.170228]]	1.7708453041711507	808.3158170296404
[[0.16297155]]	1.658813322999178	762.2244216445288
[[0.16426901]]	1.8772486290378145	757.1095825349842
[[0.12631485]]	1.773526686682529	616.2403965102202
[[0.11616426]]	1.5917862501100075	653.6169164648778
[[0.13467]]	1.8234318589543517	696.3253697762742
[[0.12360052]]	1.838656943591234	698.6441259131086
[[0.14654447]]	1.726800974958416	1000.221004441321
[[0.12525081]]	1.843420516991336	656.7451476344041
[[0.2026313]]	1.8726591957030465	1010.9792185121706
[[0.13827273]]	1.6019406756401777	490.947490291468
[[0.12396412]]	1.8247257383645208	514.5557068025031
[[0.12632655]]	1.751098195257049	507.9845933311287
[[0.12461661]]	1.6138402467713286	509.12960597321455
[[0.12222971]]	1.832326109603127	494.2349112818519
[[0.12276438]]	1.7817599540725637	563.4774422396642
[[0.1217033]]	1.5728311976221019	497.956752159882
[[0.12352385]]	1.8138859874159399	515.8072172460089
[[0.12334703]]	1.7329202194047733	482.65078173883103
[[0.12245571]]	1.5567316677109084	478.2075025285522
[[0.12314899]]	1.7107931962644412	487.528342722768
[[0.12456516]]	1.743881681151706	475.77642082417094
[[0.12065961]]	1.549399060228676	475.1723182582464
[[0.11687578]]	1.7901542542111866	515.5099444495005
[[0.2156389]]	9.0991180095084	8522.464554114718
[[0.11948393]]	1.5761323689681632	486.9758482792232
[[0.12200284]]	1.7840762041888867	483.25525971136085
[[0.12412138]]	1.7796721457623774	463.73267308508804
[[0.11945613]]	1.5384095113744314	473.4102708182962
[[0.12057582]]	1.7603182563506425	509.08715798256793
[[0.12125683]]	1.7207528845172486	481.10040755292806
[[0.12528574]]	1.5595890627614413	473.6574545870143
[[0.12065393]]	1.8005932957621176	483.673208903767
[[0.1207729]]	1.7393484220315616	461.22032172627013
[[0.12190273]]	1.5386922549213715	461.6577734645651
[[0.17098015]]	1.8610929249119972	667.4712718629085
[[0.15017394]]	1.8970612745356443	700.7328643801092
[[0.21471082]]	9.076330003109328	8735.439912279613
[[0.12254733]]	1.7397229167957207	516.4771151426154
[[0.12159319]]	1.696568012647863	477.6326942766119
[[0.12184698]]	1.5208962637285377	432.1572676524314
[[0.11988691]]	1.7787415262734425	464.76963028096884
[[0.1258116]]	1.7514839248641327	401.23935126262637
[[0.12949657]]	1.5645342661221602	453.12908020515044
[[0.16534105]]	1.932995919630517	930.6407341279125
[[0.14593618]]	1.9619406199523628	776.9689927971889
[[0.14046793]]	1.5756942100940972	486.9486231510001
[[0.11613444]]	1.692583388357212	497.53295478670395
[[0.14211227]]	1.8694685003124123	783.3488209328256
[[0.16967003]]	1.6934409813671358	775.8405853258461
[[0.13510821]]	1.697929301115581	432.33943676052627
[[0.12466819]]	1.6659418308349436	407.13164087651523
[[0.12154138]]	1.4560899447908302	360.2788435588476
[[0.12052983]]	1.7114354547849737	403.5431253297985
[[0.12257595]]	1.6725928578464067	384.3086227632048
[[0.1252821]]	1.481394556005051	361.25956386518385
[[0.12432856]]	1.6881044309778708	369.711385797059
[[0.12477861]]	1.6778301671231697	359.3876767520159
[[0.12565235]]	1.4464710467734072	356.5450868936417
[[0.12721218]]	1.6704058084237183	365.2078507990411
[[0.13155494]]	1.7007679714279058	353.0867203527452
[[0.13242356]]	1.4205709888841738	341.26566957162015
[[0.12952792]]	1.6763172082759676	356.9418896746016
[[0.12970171]]	1.6445263477465135	354.8022008609642
[[0.1297911]]	1.4738147819784737	370.04455401879426
[[0.12891017]]	1.6810545670425783	388.26844371372556
[[0.13028852]]	1.6757461037606252	382.9966403576086
[[0.12880912]]	1.4931518191258213	392.81547894085725
[[0.13852271]]	1.5735071606714088	369.57530132381123
[[0.14596407]]	1.5869683749691026	406.36231935765466
[[0.13990859]]	1.459795570482183	409.9916391320761
[[0.13531278]]	1.6742462522301684	411.27916649806536
[[0.11896673]]	1.6115427213932134	438.368590620944
[[0.16579618]]	1.5545614705526072	783.7332565517513
[[0.23922452]]	1.8344307701777003	950.6708525471316
[[0.26875748]]	1.7929049182539343	848.7225075921218
[[0.23257118]]	1.635105931954095	814.090160837709
[[0.23395451]]	2.7954648513838793	1614.201190673982
[[0.27131572]]	1.8364193373753843	909.6713247069359
[[0.1696816]]	1.834825862153888	1042.0332909622723
[[0.17102453]]	1.764381524541767	816.3072015705678
[[0.20429535]]	1.7913788520899865	919.6533025447659
[[0.21558542]]	1.8108507073524314	1005.0742436791774
[[0.19801856]]	1.7612638556301439	886.4048328032284
[[0.20814542]]	1.8976960431608938	927.1045430251019
[[0.18326403]]	1.6947161360390972	854.062881169272
[[0.21638302]]	1.8166048194037339	994.7070982022217
[[0.22466915]]	1.904839530787226	1044.4898588104136
[[0.2320713]]	1.727274710835077	947.3873187261325
[[0.19000317]]	1.7273065428900305	824.3070232015133
[[0.22500271]]	1.8092235276021609	887.6836556300726
[[0.21751518]]	1.866021276008329	1018.9486981133654
[[0.19434885]]	1.801265513863783	1037.1204301068726
[[0.29498611]]	1.8313187186875393	979.9412490607667
[[0.11674646]]	1.5344660815078375	729.6622084074073
[[0.27301523]]	1.815882044508907	1010.7263995791783
[[0.27889117]]	1.7994211271503	965.449678912234
[[0.31396761]]	1.72999167034905	923.2327697139641
[[0.23741669]]	1.7719912581494772	912.8198134685998
[[0.20432962]]	1.7003035979203487	818.248931107751
[[0.24496233]]	1.6741900780155448	767.3538543950164
[[0.22760789]]	1.8484612165169156	967.4827700957719
[[0.25297835]]	1.6914112197453943	717.2213562753312
[[0.22936668]]	1.6680352565665921	874.8735718478642
[[0.24780171]]	1.8443267943206008	931.6289259688705
[[0.23039449]]	1.8838659515205034	1011.4481590016533
[[0.29183767]]	1.7303062459509437	891.2312985934924
[[0.27606705]]	1.8798214080675866	969.1115492438561
[[0.29682333]]	1.811785071789008	877.6919335691031
[[0.27070348]]	1.7020599783642543	963.2294049427321
[[0.32243916]]	1.7215730280507568	777.7373230618358
[[0.22609118]]	1.7299635832417382	836.9853916647543
[[0.25882962]]	1.6587178268343172	870.2909975798084
[[0.30679174]]	1.6541059238136997	725.7487490739018
[[0.25513056]]	1.6822885272904822	880.860461206987
[[0.24663139]]	1.6498834953478074	841.5688118552849
[[0.20784793]]	1.6058466560303557	771.4197055040479
[[0.31249103]]	1.6960830419282773	878.2010559908064
[[0.38234277]]	1.5411976248935948	524.3169161817209
[[0.25802905]]	7.481587116836285	6041.288643986569
[[0.20312635]]	1.8172358430813418	909.3569260372748
[[0.21320352]]	1.7213932705639605	925.2768885255149
[[0.29083466]]	1.5475958679392505	870.7206831897045
[[0.2911193]]	1.6307636651636719	894.4740066197264
[[0.18201317]]	1.466519623972657	642.0998365700104
[[0.22403399]]	1.563113058492177	759.2513672037635
[[0.12771968]]	1.481357106528635	772.7674271388415
[[0.3159411]]	1.627807029000637	975.0119481325792
[[0.21927832]]	1.3107298020825306	441.34202991587017
[[0.17555404]]	1.5378515141758347	805.952336671146
[[0.17581018]]	1.5079481072577419	680.0451566823402
[[0.21509498]]	1.64769831839894	1200.4997591340107
[[0.13658334]]	1.4584043224333325	596.416336562144
[[0.12285028]]	1.4404472984919106	653.9552088117783
[[0.26620335]]	1.826942747368342	890.9027954316855
[[0.28147267]]	1.5673485942748149	940.5327218610898
[[0.29996547]]	1.5973680945697968	871.9410410128613
[[0.24271749]]	1.7048892863074752	964.4432746109327
[[0.16127685]]	1.5775311069122968	725.9189857655186
[[0.1660309]]	1.4092743543233188	464.6427697388004
[[0.18741006]]	1.6258596562270105	554.2628250643343
[[0.18047382]]	1.7060371127596223	650.3347580259315
[[0.17727386]]	1.4758220739143657	603.1571081414648
[[0.16555539]]	1.4741892767426326	665.1108287935724
[[0.16907818]]	1.5593568760076626	720.2918519354076
[[0.15842855]]	1.4527831560233067	691.1187089697444
[[0.15603684]]	1.5932505246378692	726.76759327059
[[0.1558115]]	1.5918985985392553	755.171677041532
[[0.18041733]]	1.5367692243074151	819.2831823100564
[[0.16926268]]	1.6437586334799879	811.7878278725955
[[0.1507101]]	1.5734959258284842	682.5230321350465
[[0.15416688]]	1.3855838155426232	677.815261328797
[[0.20042912]]	1.485955902232507	662.7792232438144
[[0.18350462]]	1.609228343750711	722.7775725381472
[[0.17848716]]	1.4655384476905606	672.771301312178
[[0.16782778]]	1.5452178261868412	753.1408562938406
[[0.17857483]]	1.5408830492917014	778.5537038440982
[[0.17573861]]	1.5228267842377772	778.1095733237643
[[0.19026734]]	1.559856826517815	866.8102701845165
[[0.20222815]]	1.7765844364318868	866.0673981991163
[[0.20030833]]	1.353028985694285	641.1458669187813
[[0.23044441]]	1.681221217212629	866.8416286697278
[[0.2394752]]	1.6595080107866926	680.4914721256926
[[0.16024273]]	1.487435156550935	567.846436236861
[[0.173523]]	1.4459411366821224	503.9877676971947
[[0.14762851]]	1.5115451294674886	518.9919234922867
[[0.16461259]]	1.4453082405306938	429.88356198353904
[[0.20583831]]	1.6969556147287677	520.062296600181
[[0.22748621]]	1.6374277994918807	650.2707184529969
[[0.22032523]]	1.5444725816061649	657.5326250608159
[[0.24093376]]	1.8706912257173913	661.6405561329248
[[0.24727777]]	1.9042946409053745	662.3019668515958
[[0.2469894]]	1.7993686978833179	746.2549032032588
[[0.26360883]]	1.9149284197336682	870.4158521590797
[[0.24185006]]	1.8786810715107227	666.1736150321705
[[0.23103101]]	1.5730577669544181	484.29216630289005
[[0.23307366]]	1.694498929075885	741.9576611616322
[[0.24130119]]	1.8029338880381112	557.1096426996726
[[0.23285346]]	1.6116269827151493	572.4416111456227
[[0.20326397]]	1.7388091495711728	577.6819155450994
[[0.27118295]]	1.9042684262718834	761.1229625558911
[[0.25737861]]	1.7830781756424032	709.8269256226649
[[0.25216565]]	1.7365584360385775	627.7889217519682
[[0.24278785]]	1.7436232797644362	705.157163226533
[[0.25123952]]	1.844212573417532	629.4776988517172
[[0.24591993]]	1.7597471518353	606.3546719074794
[[0.24604078]]	1.5806131988213252	597.5810613154044
[[0.21062143]]	1.7569496759470327	634.8094222933737
[[0.23201571]]	1.8048550461782464	661.1522746315683
[[0.1561063]]	1.4265947371656706	462.6710862793828
[[0.20353114]]	1.4749832056426495	595.6314498736051
[[0.20532429]]	1.5430644812929273	532.5290999957797
[[0.17024303]]	1.5166925600008534	623.6601192524911
[[0.29314997]]	1.5706666178852633	841.0103966350584
[[0.22224467]]	1.6116681771392067	761.2260546152579
[[0.28563459]]	1.622058534370797	842.5454686075938
[[0.2144004]]	1.4963612392546637	756.8094844882943
[[0.16713625]]	1.320088426238863	319.886253790398
[[0.13827412]]	1.3108327881426745	340.40367440967833
[[0.22258472]]	1.5093992744688578	582.5000540010086
[[0.16740434]]	1.2667491369797028	176.94757272738613
