[[0.11512476]]	1.3034945632389796	616.1084119549696
[[0.1166698]]	1.5397296054180918	775.4449382542222
[[0.11399578]]	1.2883481225025706	703.9462264106347
[[0.17050115]]	1.8648097854462748	737.9864845732315
[[0.09788411]]	1.2272736438897072	639.4297312242628
[[0.13245614]]	1.5084143532391197	671.4002509776699
[[0.09713474]]	1.2339003287414998	670.103835130223
[[0.09342146]]	1.4348261320818845	615.3011582326986
[[0.09199685]]	1.296455934146612	684.9724273535708
[[0.12491693]]	1.3246104505160825	717.3080704377293
[[0.11385876]]	1.2875261064952417	682.8206656277301
[[0.11998236]]	1.259229282115391	647.1238101290737
[[0.12744573]]	1.2936715655750903	878.991318417538
[[0.15659533]]	1.4514256125032303	883.809245052142
[[0.14637576]]	1.5853655373785023	980.3499585954708
[[0.20412252]]	1.565221464014392	1054.8319161131285
[[0.1359192]]	1.5106987713004894	890.0428744864715
[[0.32561665]]	1.4295326485904976	1080.8188221216742
[[0.5075335]]	1.3078255951864781	774.6937613506894
[[0.10332787]]	1.098417485437893	440.8292059842401
[[0.16430749]]	1.1955632997345473	849.3028179036518
[[0.11519607]]	1.1998756069438377	472.09269213135696
[[0.16113696]]	1.3510085864416475	910.8266866565696
[[0.12835729]]	1.345145870908739	922.8759232373459
[[0.11275616]]	1.2450902322945694	827.2811751942304
[[0.13310403]]	1.1897979528403202	858.6258637747966
[[0.10336194]]	1.2104251244501956	536.2310865392338
[[0.20891071]]	1.4060012700845697	819.5692469382928
[[0.21573438]]	1.9008904834991696	991.8866396324713
[[0.5048308]]	1.3416817943402686	450.8612772092705
[[0.57132827]]	1.6531341099007073	1018.2087514753473
[[0.58628265]]	1.8453772521340666	1130.840625531457
[[0.10037116]]	1.3672111024129847	685.7045663100101
[[0.21813032]]	1.5356232703290889	680.899044203314
[[0.09212843]]	1.1388310879121069	536.052561245988
[[0.2049292]]	1.3188507210433178	701.9964461088316
[[0.211317]]	1.1989506048763652	749.9555142484967
[[0.15350379]]	1.5885318906094663	539.0552824321591
[[0.14847706]]	1.4734477771095977	448.9188549998801
[[0.12474703]]	1.2820210334621052	676.9218499846135
[[0.10521584]]	1.4040538973109429	712.7252575733115
[[0.10529455]]	1.427493524599652	662.8694978010061
[[0.16832848]]	1.32853890059211	455.8760888831457
[[0.13804377]]	1.273051883860498	519.3107444814657
[[0.16711704]]	1.5829987304690176	818.4657602233154
[[0.71103246]]	1.3010921793269	413.95606464857906
[[0.15906645]]	1.5552168363898855	690.5363337039228
[[0.31512481]]	1.4761703540450335	1046.9591541408568
[[0.1159179]]	1.1838341237210888	529.9441254234704
[[0.15647757]]	1.422119524733971	563.0870794703595
[[0.121195]]	1.5721908115753902	797.7314572247416
[[0.1159889]]	1.3303140057742235	691.2423688034918
[[0.15296786]]	1.3578562232042939	669.9197120784954
[[0.16892312]]	1.4176611645666588	531.4293749415388
[[0.12144138]]	1.3303065158789402	710.9882130584394
[[0.11639637]]	1.4630480575089035	714.020251319208
[[0.17462104]]	1.3217418206226248	579.2839971622357
[[0.69541856]]	1.6945682106072544	1078.234502618307
[[0.13691475]]	1.518319739751124	574.3133445140043
[[0.12158321]]	1.3065691652527247	659.0130861631186
[[0.1408215]]	1.4061491955164123	404.8177981283938
[[0.17703424]]	1.6027158798019867	900.625485369653
[[0.12044957]]	1.4212057575094232	705.3268740709727
[[0.38740685]]	1.289703793548826	387.5999327582609
[[0.12844661]]	1.561882843191915	834.2752661552971
[[0.13238526]]	1.3315479660221272	490.99196951063016
[[0.17455684]]	1.4642258435421835	679.793125703185
[[0.13357498]]	1.4159590858635562	736.6657037700458
[[0.19308614]]	1.3065785276218287	471.5231671875026
[[0.16116523]]	1.4547998103283026	646.7729591221615
[[0.16705441]]	1.325189044926708	575.0965010938086
[[0.11368049]]	1.3228896470747722	608.7983578996467
[[0.13068033]]	1.2046110932366276	597.3440350353414
[[0.32129448]]	1.7142591453067324	1061.0096452560886
[[0.19349948]]	1.3768000408492749	657.9603250377766
[[0.183054]]	1.582740329081748	712.7994997526052
[[0.10727036]]	1.4496598696902208	540.1730954028795
[[0.14489528]]	1.3238895480950765	603.0250356498042
[[0.14901873]]	1.3948750306414068	694.4087607721069
[[0.13278868]]	1.4522326487199928	504.63497305767356
[[0.11844141]]	1.6199370215318365	712.6370061771909
[[0.20545559]]	1.5232724330071263	750.02313436948
[[0.14997829]]	1.3791499954943722	698.9237843909998
[[0.13307253]]	1.4189325742909784	632.847269849429
[[0.12836537]]	1.2222179645735611	511.23101242247395
[[0.11036314]]	1.3203636798905198	644.453033760727
[[0.15167342]]	1.394618501727958	685.088504735552
[[0.14343305]]	1.3824343145760463	609.8469314384322
[[0.12589915]]	1.238014153725786	428.98621403490273
[[0.20520347]]	1.410523294361789	453.8650130369991
[[0.27184399]]	1.3258125787090327	456.0614992594892
[[0.15615204]]	1.390175121351212	427.98594912293163
[[0.22814659]]	1.4649729605966806	556.5533211179288
[[0.18866754]]	1.422074585362272	1069.2810276956627
[[0.1330523]]	1.3658423240499837	583.4033706103821
[[0.14043936]]	1.3631066397978027	425.24228049057456
[[0.12955294]]	1.4071884184869534	688.8294651820579
[[0.15390653]]	1.5370912898045919	631.6479440865884
[[0.15541415]]	1.4653792874157932	497.9299161722718
[[0.12558505]]	1.221562598736283	655.0947977151039
[[0.16559011]]	1.521004867210144	620.660252372519
[[0.17086583]]	1.5100864723610894	663.106123918681
[[0.14923281]]	1.2805867185153763	525.8250569029393
[[0.11884095]]	1.2737784037029665	590.489857077489
[[0.16209231]]	1.4471807143514885	606.7994008297967
[[0.19855345]]	1.418015062118789	472.9796948320113
[[0.19775803]]	1.4576047761118531	760.9714039373042
[[0.15205164]]	1.4990576015566082	470.6474165902291
[[0.17568093]]	1.5187391738869822	810.1127290482543
[[0.18062123]]	1.3841588629649983	564.9307156897571
[[0.15114764]]	1.5337489240344733	550.3045760186915
[[0.13341972]]	1.421525950532779	603.1112954412642
[[0.19358974]]	1.4330323021615632	624.7971957683002
[[0.14745788]]	1.412229118012533	533.0192405936274
[[0.25141849]]	1.329896444112186	351.6126320059515
[[0.26100801]]	2.4628498367008183	985.1248755016076
[[0.24003984]]	2.1841658130042885	783.4654604300673
[[0.18567408]]	2.241851114001513	970.0832277231654
[[0.16722333]]	1.7744779033834928	805.1562289902432
[[0.1616205]]	1.4988422670672168	676.6460111792231
[[0.18900483]]	1.3874544168895973	578.226144967133
[[0.13761262]]	1.4079917097560743	587.4081733732604
[[0.18312636]]	1.3782006512672293	446.0638839863839
[[0.17947145]]	1.4034415983715431	492.5111745065361
[[0.16876773]]	1.370265107214701	536.6718826324588
[[0.1642537]]	1.279742232822198	386.62162869678446
[[0.19764125]]	1.4745094697659884	604.2216590544423
[[0.13670032]]	1.7772248224785987	646.7500564346243
[[0.19188013]]	1.6485914884114592	791.715023108545
[[0.14485443]]	1.7265875129428452	518.8478140423828
[[0.15051359]]	1.8424318508139563	704.291538385224
[[0.17455332]]	1.7561051902538543	709.2255332949136
[[0.19189566]]	1.3588261646434656	510.7691865891319
[[0.16202086]]	1.5470116561071627	667.1557285060261
[[0.19487588]]	1.3337462502877402	492.8576751324849
[[0.14057342]]	1.330510615525407	365.1670083870825
[[0.15614129]]	1.374717849960551	472.6150356832718
[[0.18166003]]	1.4920170999904196	500.1054826307523
[[0.17464292]]	1.443954441958259	519.8350920062952
[[0.15988289]]	1.4692815228583294	532.0865070461671
[[0.11938881]]	1.5794297953665828	601.4522053243708
[[0.18004241]]	1.3235880798099287	372.6632404822371
[[0.17749343]]	2.0696584214412246	1051.2402984438706
[[0.17540093]]	1.8439111051323842	540.9716107384087
[[0.17958273]]	1.564663466815795	533.6849273004922
[[0.17827398]]	1.7136936582128524	513.2253509152431
[[0.18103985]]	1.6623129765702434	525.8383044005078
[[0.17897047]]	1.506440765832002	515.5440261895941
[[0.17711006]]	1.6202628319766548	526.7014314500054
[[0.17841289]]	1.5653824967629804	514.5128319901736
[[0.17472373]]	1.4055181718388046	491.73335721553946
[[0.18528991]]	1.4578313454441694	516.4071912253585
[[0.14248086]]	1.7606758988504143	832.2156416098289
[[0.15800789]]	1.5768270567556781	674.1406037173015
[[0.15176156]]	1.6387085715853043	649.9908442064229
[[0.17877286]]	1.6149993080664007	629.7704768102018
[[0.16143286]]	1.5450081091189123	595.6483806627155
[[0.17022058]]	1.7370115747032098	644.3046095782305
[[0.17135024]]	1.5913143867071673	563.3264741920484
[[0.17982904]]	1.4828213810564965	513.4659518039539
[[0.1821999]]	1.5438958596693602	590.747759202764
[[0.18420868]]	1.56123496724992	549.9016437492674
[[0.16003154]]	1.4001722590804353	530.6971684596647
[[0.17201362]]	1.4630049906110254	509.7053738740867
[[0.1757302]]	1.445132227991539	528.4857423679262
[[0.17349852]]	1.3889317987342042	546.0684165731963
[[0.18639978]]	1.4999919659931846	597.8072464004837
[[0.18851989]]	1.5543742231705278	626.5509114017924
[[0.19397961]]	1.4604022520001205	593.7977830904396
[[0.19336989]]	1.5729360561560666	636.35699580791
[[0.19573353]]	1.5351064675545494	616.2259137468261
[[0.18922293]]	1.5114571231979113	644.8654151407424
[[0.19164238]]	1.5339080843092407	645.6646825218899
[[0.19307502]]	1.5709456164845617	647.7017070963649
[[0.19206505]]	1.4839130332940198	617.984739138983
[[0.18640338]]	1.5384488333246682	619.2275947282259
[[0.18762545]]	1.586545195885603	588.5196428235325
[[0.18981912]]	1.4320810854605994	585.3356668234527
[[0.19314541]]	1.5187972205754268	563.8240038544262
[[0.17448817]]	1.5156177600277172	587.5273517718509
[[0.17833149]]	1.3754275175386323	518.2586489164755
[[0.17572053]]	1.4714105255925731	540.9778036865004
[[0.18020796]]	1.4437072754139142	525.4452975829435
[[0.17932501]]	1.3649660063018518	527.2386664988624
[[0.17987]]	1.4290570402400158	517.884627975097
[[0.18160969]]	1.3807603229802559	497.49512612407847
[[0.18101809]]	1.382145953607644	539.1331644550029
[[0.18591958]]	1.3412192933065323	495.08652881634873
[[0.1805592]]	1.4622091892371876	527.9712416802456
[[0.19009706]]	1.3736730095685477	505.9975167927358
[[0.17772777]]	1.4991212656665152	519.6289919785032
[[0.18227327]]	1.4120793201068695	520.4987914163529
[[0.19592019]]	1.402922923123183	529.8119041984276
[[0.19611087]]	1.5080492208440648	595.2906431609481
[[0.18423106]]	1.5629052138980688	574.8160822016072
[[0.20222228]]	1.4703413430408994	613.6550521792918
[[0.20049077]]	1.5304065582643545	603.8149231456971
[[0.20173448]]	1.5305713359605844	600.6091750776155
[[0.20211199]]	1.4008856716061582	578.6382858236587
[[0.20567963]]	1.4786026975382458	604.0899454617652
[[0.20350173]]	1.5481519926640266	602.9538971846897
[[0.20563628]]	1.4113827598455337	600.3465327207712
[[0.19851885]]	1.4879126373752376	617.0779414016691
[[0.19845492]]	1.575604331350699	632.4239863573895
[[0.19000865]]	1.449129959598936	622.9619789579361
[[0.18461786]]	1.49491568946501	609.414008563912
[[0.196205]]	1.497426676858696	632.2437405160686
[[0.18490118]]	1.47762339372997	612.2495903904745
[[0.19819055]]	1.5419634666862998	625.6807914089463
[[0.20502037]]	1.5366924528807626	649.9822390968536
[[0.15896689]]	1.4638682010424118	622.0640747566016
[[0.16985346]]	1.5388177106673646	562.0551145044049
[[0.19218929]]	1.6077846664348783	632.8137816712161
[[0.13908447]]	1.6897596978354532	774.7132874993882
[[0.15574594]]	1.925916096114092	1079.1355486412974
[[0.08798648]]	1.690493707573205	602.1417564117278
[[0.09558778]]	1.6221203260068833	859.1058927352233
[[0.11683719]]	1.8207897983932102	944.6012344893653
[[0.09554507]]	1.6480971553227692	694.8258839464906
[[0.13507182]]	1.6720292432263475	976.250511471636
[[0.10766513]]	1.8550279822064428	1006.8026503651242
[[0.1984296]]	1.7979100407769186	1065.2283412504166
[[0.16590091]]	1.6970586007889115	995.602604602695
[[0.13496495]]	1.8885920754441894	1173.4187798748437
[[0.1075307]]	1.8212522994269464	1104.0600887144824
[[0.12121676]]	1.7871470612549902	589.1435960116228
[[0.12088809]]	1.5674178758061843	703.3920690819933
[[0.15586165]]	1.7351166311965656	801.639770803411
[[0.10135755]]	1.6021878421845226	765.1365485671157
[[0.12209369]]	1.7315589309370554	979.3815416500438
[[0.15278173]]	1.8329140663828565	1232.4182957618689
[[0.2060912]]	1.6806781998045985	1126.6344329862857
[[0.15430005]]	1.6702241784631013	930.1893419993727
[[0.11644242]]	1.507846993671419	608.3228287203012
[[0.17751178]]	1.5773270072658303	730.8375109216912
[[0.1804614]]	1.5866762690530587	666.3273368824625
[[0.19752411]]	1.6451629888455839	584.6172602015855
[[0.19421027]]	1.5240701068547848	622.196288952579
[[0.18288917]]	1.70186149613925	629.7398568987767
[[0.17866772]]	2.1624207745233983	974.2310474458577
[[0.16394445]]	1.5034972369857125	547.0278802133189
[[0.14909676]]	1.4186273610581888	423.16288108535235
[[0.09121396]]	1.4007396186481362	512.6014271847235
[[0.12355703]]	1.6303217613419643	985.4136703537177
[[0.11296406]]	1.717539719440765	998.5413748601895
[[0.11179799]]	1.7345417817335815	1012.7049248335674
[[0.10665958]]	1.6125332600444138	944.059631183834
[[0.11415166]]	1.7109355042748216	992.37244334225
[[0.11179418]]	1.6510594089072665	927.1286873982523
[[0.09023727]]	1.5553816140861154	835.6837098754897
[[0.08399436]]	1.5906683832389932	808.983938437961
[[0.08919539]]	1.6723943756214024	848.6810500450324
[[0.0815604]]	1.5811861758104884	837.540072873631
[[0.09206759]]	1.4229902250606408	485.026618292636
[[0.1201266]]	1.430096263210557	391.8254131513505
[[0.09375563]]	1.4781064919757352	642.1902106210445
[[0.10003053]]	1.5610739345013316	555.9510885564006
[[0.11232155]]	1.387327088669783	379.8015476776803
[[0.12461946]]	1.395266377669953	387.5306233677982
[[0.12172512]]	1.5351251922927573	427.0709368580671
[[0.10411937]]	1.3927366655380593	466.7682935573233
[[0.11720655]]	1.2935348749861721	407.6410953401474
[[0.11334617]]	1.4941442302508425	391.3326759734401
[[0.11654143]]	1.4479540460394769	389.25218596205116
[[0.11964154]]	1.3313925506950013	366.7467766366842
[[0.12870604]]	1.4620088345383624	346.2964978882014
[[0.13619866]]	1.4014286890141887	340.04414015867286
[[0.11114932]]	1.3224664679912725	437.5525752899178
[[0.09010196]]	1.5957184451336768	668.5146786398298
[[0.10601386]]	1.5936680862999064	910.5633514873028
[[0.16169646]]	1.6740384076360604	640.345470603206
[[0.09603769]]	1.4824206716588464	533.0052146338978
[[0.09999671]]	1.530923361038894	659.855294687012
[[0.14294053]]	1.5056224947723147	444.18693124584183
[[0.12542441]]	1.3986686626023372	406.61340410670726
[[0.14805771]]	1.672534811157962	720.296638591006
[[0.15178096]]	1.532099274598353	522.5316333670662
[[0.15945695]]	1.614748396574414	554.3323711177367
[[0.11777618]]	1.735266429102229	560.6692697656542
[[0.17836351]]	1.6775305713118425	903.9467780555217
[[0.10361717]]	1.69959954776373	877.5224474975654
[[0.13282269]]	1.511842852804995	484.993013006696
[[0.10619198]]	1.4953744455511049	531.9819547893936
[[0.11397839]]	1.5822216538333878	485.9555076708847
[[0.11209272]]	1.6764707511292727	543.034092277655
[[0.13261982]]	1.4907325829493545	505.05639137372873
[[0.14100165]]	1.543497022745531	566.1787049416615
[[0.10647197]]	1.5604410383499028	673.1457523711197
[[0.1277484]]	1.4257053121007932	505.4083703434233
[[0.14205035]]	1.5022614042639881	517.2514980949974
[[0.14168702]]	1.4323319969525858	525.169277206577
[[0.14458427]]	1.4693133549132829	550.6797681809031
[[0.16976592]]	1.390257510199327	364.01722593643325
[[0.11180405]]	1.4717606781970618	495.4835679516344
[[0.13267718]]	1.5144830408923156	532.7856799617751
[[0.11343897]]	1.5768027145960077	555.2835809306117
[[0.17934772]]	1.3901545241391833	498.2026354928278
[[0.15115537]]	1.453655728823797	544.0111058657019
[[0.18098237]]	1.3420712688949938	486.2265762784416
[[0.16748674]]	1.6156116070058004	593.4208905892875
[[0.13983707]]	1.5774693152762107	744.2453145468459
[[0.1165127]]	1.519079964122367	733.1646061609665
[[0.16144815]]	1.6658332273533376	636.5458981738428
[[0.15215845]]	1.4803216285057355	463.1895299093838
[[0.10743796]]	1.6636705200903195	624.1394374053184
[[0.14669013]]	1.681432806754379	712.3049725928521
[[0.14900981]]	1.6081853758325284	858.5571692401502
[[0.13722709]]	1.5960685977381652	535.1166118844434
[[0.13069294]]	1.529050887218099	601.6504410630274
[[0.11154798]]	1.4759943415058787	600.5420036696814
[[0.18064599]]	1.3778149216601456	415.69459575171805
[[0.18299616]]	1.5548816635759632	507.29000750585425
[[0.16873115]]	1.461812224787179	668.3089409140857
[[0.14947802]]	1.485510253463158	523.0775409233876
[[0.14072948]]	1.4160077701828968	659.3659903900959
[[0.12176897]]	1.3696209762203477	534.8267654614299
[[0.15003752]]	1.4669540378990815	533.267844384993
[[0.1533536]]	1.5802724085859405	556.0982697313365
[[0.17340038]]	1.4674090490375347	540.7646719584599
[[0.16687334]]	1.526122338162376	519.1040064433009
[[0.143451]]	1.4486655860913789	593.6027172689525
[[0.15157434]]	1.4245144187507677	555.3990141643181
[[0.16155264]]	1.4094016825431328	488.75250027311273
[[0.15818163]]	1.5458057829665708	531.3687597961964
[[0.17904198]]	1.4693208448085662	589.2806574560464
[[0.16206472]]	1.401900552417029	478.1870663881248
[[0.15705674]]	1.5261373179529423	554.1283896001646
[[0.15806255]]	1.4942266190989575	700.1166502522302
[[0.16260331]]	1.5222126128245566	641.063551329476
[[0.14127747]]	1.4255218096663553	653.2997805436627
[[0.15888025]]	1.4919534358805127	611.7410027559001
[[0.13865115]]	1.45528852599553	572.9317963842825
[[0.15893013]]	1.4767658007200462	532.735995990141
[[0.11255301]]	1.4714554649642722	569.7190944681291
[[0.14082082]]	1.6972589554877364	585.8882752140026
[[0.1462825]]	1.5806281786118914	604.1184836753689
[[0.16498361]]	1.598999019267709	688.8255104679549
[[0.14300728]]	1.6167219839815319	573.5485622668392
[[0.17014858]]	1.4404267012798817	425.65106860579857
[[0.16614337]]	1.3805562233337891	458.83403951976675
[[0.11573919]]	1.4363634330887571	577.9666093714324
[[0.17956293]]	1.6262378959388109	787.0555179099757
[[0.15923532]]	1.5172374498827048	621.8316504590659
[[0.1505719]]	1.589028096171977	745.7477719495655
[[0.1600392]]	1.6624964790046812	617.0709364977048
[[0.15469666]]	1.4206252906249768	552.5354928275926
[[0.15993212]]	1.5753140979084759	508.7035896848211
[[0.17480495]]	1.43735958916142	491.711478370057
[[0.1501412]]	1.338266402091139	552.5831934331472
[[0.14402558]]	1.4536781985096465	765.9741650073345
[[0.11758752]]	1.5991450722257312	669.135546021664
[[0.1369487]]	1.4059993976107488	671.000182306538
[[0.11689732]]	1.4933128518744097	720.0618027419856
[[0.18102412]]	1.421791841815332	483.4232512814028
[[0.17842867]]	1.3694374737859096	461.51284389002745
[[0.17509422]]	1.3736711370947268	492.08516117273524
[[0.17712416]]	1.4860982102428875	621.6784494706037
[[0.17627215]]	1.506056908698739	721.0993987444585
[[0.17046682]]	1.524362212770829	589.2696508880828
[[0.17587145]]	1.5435007676931725	549.4027969079704
[[0.17593895]]	1.3498364178298299	487.1809014675662
[[0.13711773]]	1.5070774069310722	701.1183253930009
[[0.19334132]]	1.297287312523045	488.84672963066913
[[0.18810138]]	1.3389760696692201	483.0997354435754
[[0.19795537]]	1.31089270730494	483.5303103192033
[[0.18860757]]	1.410659984950707	477.6148227089502
[[0.13331635]]	1.5911215219036254	894.9313866853576
[[0.18633032]]	1.5617592599197425	559.7852615599659
[[0.13979231]]	1.6943023193247015	603.68957715623
[[0.14515085]]	1.5156439746612083	531.7511351693657
[[0.164072]]	1.6125613471517257	539.5011639655269
[[0.16110748]]	1.3355026307316458	473.5803377382934
[[0.2024797]]	1.3286325242831498	504.8607696367254
[[0.20116452]]	1.3145253065172817	498.33231194914674
[[0.19862836]]	1.4597525035843046	557.4947676318088
[[0.2719179]]	1.6528757085134376	1316.7182555647382
[[0.17109143]]	1.5972763433525778	829.6013145324491
[[0.16760027]]	1.6138027972949127	811.7485426768
[[0.1809422]]	1.538950656308641	756.3161859608392
[[0.19180054]]	1.6595360978940046	760.930666604982
[[0.16064083]]	1.6012796923814372	964.0853954096348
[[0.17772434]]	1.4005093043681784	448.0837028659032
[[0.18463209]]	1.3622153422591043	487.0783291574802
[[0.17135573]]	1.331641589713167	456.5236900127954
[[0.14482592]]	1.4008220074962512	642.9006260318805
[[0.16393504]]	1.70259176092936	1102.7371523487338
[[0.11847527]]	1.6157202104874067	933.3282496679337
[[0.15517035]]	1.5061467874421373	884.6420563133629
[[0.14284925]]	1.6778507643351985	1079.512190279621
[[0.16526377]]	1.6764014695979033	976.271783955084
[[0.17353441]]	1.6369559360890402	921.2555585780952
[[0.16017949]]	1.8378143303718764	1122.840591475072
[[0.18398344]]	1.743104604516076	1033.9298025308904
[[0.12380896]]	1.5301593917200096	711.5839909132429
[[0.15118663]]	1.7251045136767758	783.4763660706114
[[0.12724179]]	1.5532938057759291	699.7441072261103
[[0.1513066]]	1.4402151117381319	672.0604858197581
[[0.14851806]]	1.6013302491745987	730.4573527637393
[[0.14036662]]	1.4792636807969863	614.3016847210165
[[0.15441475]]	1.5087794856341747	758.5334700739415
[[0.17640871]]	1.5835117882959155	803.9633568576608
[[0.17296637]]	1.687480897195546	751.9144239247191
[[0.17880124]]	1.557840172212819	770.7928468460207
[[0.17685618]]	1.7259752140034452	835.8757049611387
[[0.19346516]]	1.6190101469905431	838.3979693124105
[[0.1880931]]	1.5669722270368351	857.234923405262
[[0.18789758]]	1.730860498201899	824.7420568525471
[[0.18671057]]	1.669389055139027	754.6754787721281
[[0.19013195]]	1.612286093500069	806.6704957202071
[[0.18282521]]	1.6543100234601664	923.4080034691669
[[0.16781913]]	1.7602939141909721	915.1986607831117
[[0.14351348]]	1.5723162673213835	863.8724444801236
[[0.12251379]]	1.7263291115555754	789.5178500513383
[[0.17757366]]	1.6686269582939632	820.8924307728806
[[0.1233239]]	1.5344042898717514	685.5340088513137
[[0.16403653]]	1.5658655950087454	707.9326013945619
[[0.15983884]]	1.7291677818679003	712.7061937612337
[[0.11771868]]	1.463518048437923	631.3791948862707
[[0.13288127]]	1.6669941611222303	677.4520113650552
[[0.12824532]]	1.7233818377616446	696.6903538592527
[[0.12900219]]	1.3874431820466724	474.54472470851516
[[0.15685922]]	1.381059918791583	418.93919990697134
[[0.1390774]]	1.5491088267864528	716.3007947152332
[[0.12353224]]	1.504012167286431	645.2148175341907
[[0.14318248]]	1.545549254053122	578.2482034136162
[[0.12225542]]	1.5259144935682678	620.4784748190556
[[0.15433869]]	1.5391116890572294	652.6596653814069
[[0.17165563]]	1.5162375488624003	475.6050599420553
[[0.14649562]]	1.5423061293955054	516.6450326294345
[[0.15453553]]	1.511797913433296	519.148550521712
[[0.15150018]]	1.6525517705424402	791.3886069878891
[[0.14589607]]	1.5708501203197012	573.3695962318334
[[0.10686643]]	1.5229335152455625	739.4891839806423
[[0.14853168]]	1.488062435280901	471.5951335557311
[[0.14474352]]	1.4784528996325823	559.972573138358
[[0.19966158]]	1.3578768204163227	460.87027019388233
[[0.09612791]]	1.6493236256753898	703.7230313493682
[[0.11853343]]	1.5695581133833527	522.5162542034783
[[0.10667038]]	1.5362449316375926	749.4373565336682
[[0.13003062]]	1.5282981527421395	692.5721481122066
[[0.16438808]]	1.5761417313372672	1032.1369983955294
[[0.13447831]]	1.3986106159138925	435.8694826900079
[[0.15606816]]	1.4289858862348255	496.13373161790736
[[0.09973891]]	1.3637470258445143	512.7726769311777
[[0.09536414]]	1.35914261271918	643.0854081263079
[[0.12563842]]	1.4536987957216752	432.3953152119901
[[0.08175206]]	1.5006342245137174	597.8777670015581
[[0.09130412]]	1.3652487498487917	521.365851531854
[[0.09381726]]	1.4279710054239547	528.2977404832765
[[0.08374007]]	1.5030590781116466	718.8705255532146
[[0.08738079]]	1.34606712802857	656.7559330689352
[[0.10656587]]	1.5335298445974401	736.1760038609114
[[0.1006998]]	1.5977444618077767	765.8524886620631
[[0.10014935]]	1.2814480564729418	495.65088375090284
[[0.09061064]]	1.4785764829047547	713.0863570218207
[[0.0773891]]	1.3497109620838366	547.6341476283816
[[0.10029302]]	1.3736655196732643	578.279398843553
[[0.11828329]]	1.315309873048195	501.3874050364969
[[0.15086243]]	1.7246607373812475	947.8976147688527
[[0.0970925]]	1.5135243342960687	805.1757906734429
[[0.11238433]]	1.57511187073583	718.3053321122026
[[0.13391828]]	1.5649855323129718	981.1140250323142
[[0.1365126]]	1.5496106497704258	810.0407740881597
[[0.19572082]]	1.626082480611685	1018.5608605701759
[[0.15518539]]	1.456402647918903	501.2224514000841
[[0.09863708]]	1.5649499553103767	896.537191548028
[[0.11304069]]	1.6804572478937447	1202.6810620383224
[[0.26873217]]	1.5805158301826439	1031.7864272181503
[[0.16767341]]	2.167628124219029	903.3001576947956
[[0.13790963]]	1.4618365669468494	499.00333344947467
[[0.12387451]]	1.4644898623509155	557.1934178990753
[[0.1411301]]	1.5357655783394693	1003.0799045428091
[[0.10981682]]	1.50832072954808	837.0179659894418
[[0.0728334]]	1.5184433230232965	648.8070818157638
[[0.11210666]]	1.4269130577152058	715.9011813688833
[[0.09877853]]	1.6652321632568623	598.4584151566781
[[0.1258742]]	1.563697270324265	671.6012212784354
[[0.20468977]]	1.6106757660141855	1263.3943059801215
[[0.13296361]]	1.7014401895295712	677.2848311350265
[[0.07630631]]	1.4760355359299362	598.5492441485942
[[0.07665748]]	1.453738117671912	576.7825482821506
[[0.11467587]]	1.4635536254405181	703.1846927487368
[[0.09168365]]	1.4376610574465678	736.9369101655417
[[0.07921185]]	1.409163878367892	643.231222106381
[[0.09990837]]	1.5996637474740913	754.5294617047734
[[0.11044317]]	1.4864240206877057	668.6223232975752
[[0.08107444]]	1.4476432153852248	588.6843760152876
[[0.08919167]]	1.4972956036912402	544.2494074685998
[[0.08899017]]	1.421565272483016	518.3540128237892
[[0.11073349]]	1.3999044953240618	606.3286572860909
[[0.10018838]]	1.6672937569335575	765.2285263572178
[[0.10322061]]	1.7476172664241916	858.5046273228559
[[0.13178732]]	1.599109495223136	896.7791163708401
[[0.16050371]]	1.5279423827161884	933.9614903452485
[[0.13959536]]	1.4427916357155455	573.8924768530147
[[0.14297731]]	1.5707096847831414	747.0138089551164
[[0.13245036]]	1.442677414812477	453.6328440460974
[[0.1133537]]	1.3439718298231007	489.0080951381918
[[0.10914849]]	1.519379559933694	720.763364346564
[[0.15846819]]	1.5628359323666994	514.6661011997234
[[0.14143743]]	1.7158526205282287	1254.6898419892539
[[0.14054239]]	1.564024953242904	769.0357529249954
[[0.20279614]]	1.657124351612821	844.4482465711627
[[0.19978436]]	1.684516771137228	1013.6983442156123
[[0.13537997]]	1.5474161104524544	1028.3517710248232
[[0.1527278]]	1.5768925933394058	789.3659998898356
[[0.1570642]]	1.7254827533885764	975.148413875596
[[0.22410873]]	1.7602246326596027	1299.4357418751704
[[0.32307083]]	1.6221633929047614	1203.0293739402757
[[0.18044467]]	1.6345292100172903	852.6800836018633
[[0.1512041]]	1.442486422482756	770.3940788282108
[[0.18880552]]	1.7008129107996048	1115.0955145803596
[[0.16835987]]	1.7692050171041345	1270.1781818095415
[[0.2386009]]	1.5773981612710204	944.6048607031714
[[0.18015894]]	1.6868011891985975	768.3853364547568
[[0.11182661]]	1.5281408649411927	898.8316125291852
[[0.16749619]]	1.355410772394336	477.51028161273734
[[0.14443643]]	1.6212327734158265	919.2428777178951
[[0.20002226]]	1.3268480567319323	474.3760877642154
[[0.13187616]]	1.5638489407037495	856.3375928801946
[[0.12475101]]	1.5978006360224004	990.5494374515392
[[0.20507185]]	1.7279974857299036	1492.652092948439
[[0.12398482]]	1.6916958357661551	1097.6303592756244
[[0.11465816]]	1.504122643241858	932.502981345199
[[0.19198853]]	1.6736676578195429	1378.1375090934632
[[0.17183549]]	1.4038104757142396	446.46147309765456
[[0.12146512]]	1.551971839258448	697.91885527739
[[0.11575743]]	1.595622948968816	882.7279818994391
[[0.15057033]]	1.5938047768888244	926.2074534691369
[[0.1920492]]	1.3822302149295798	437.9430093541602
[[0.10657537]]	1.3639661052815473	505.1203453530225
[[0.21298833]]	1.576471286729727	1466.039646730427
[[0.09722594]]	1.372837886244473	484.04616121451403
[[0.15608783]]	1.6854136860973885	1138.1918098177885
[[0.13571608]]	1.40958331250375	845.6550054521583
[[0.18376695]]	1.509260711406119	813.0634695230783
[[0.16388627]]	1.564655976920512	1163.5759834226976
[[0.12167437]]	1.532400742883501	787.4348041898393
[[0.135018]]	1.4031008081361585	610.6145392521954
[[0.13308287]]	1.4110925264033105	632.9018280313073
[[0.16137989]]	1.4792580633755241	477.30188446248314
[[0.20545641]]	1.5050326655187642	803.9717680570386
[[0.14980987]]	1.5572035311137487	918.4938837659237
[[0.11855522]]	1.7018371539795798	1275.9911546460457
[[0.08816884]]	1.528294407794498	1023.3168043997225
[[0.13585676]]	1.4489445846906772	662.6787840617184
[[0.15105857]]	1.2983302804412276	317.57144099752446
[[0.15610642]]	1.3636702544178618	416.9104696265537
[[0.16148973]]	1.4577938959677534	509.0220068440801
[[0.11545759]]	1.3836270803998927	575.861720185352
[[0.14104438]]	1.4565430834554625	569.099346826206
[[0.1068887]]	1.3919520990071463	566.3267300154573
[[0.1209942]]	1.2628263043251378	801.4499865575215
[[0.12197437]]	1.4573201600910923	760.4832006300658
[[0.14875487]]	1.571865001130572	675.8417054092766
[[0.20720608]]	1.3532555550266012	664.1611958224088
[[0.15954781]]	1.4481375484739147	425.6599344222492
[[0.11302949]]	1.3985619315945519	597.6897379278938
[[0.12110516]]	1.421681365859905	550.0944437445761
[[0.08994847]]	1.4790783058887278	663.156176014886
[[0.10372099]]	1.5798173974474874	675.6215276014717
[[0.23033165]]	1.6293593097980759	1006.0683748345571
[[0.15240702]]	1.3176261231645179	379.1491611507492
[[0.09537544]]	1.7295759811608338	1289.8098301434563
[[0.14103472]]	1.5829575360449601	725.6992686131057
[[0.1411069]]	1.773463022572622	1285.031266510289
[[0.14666117]]	1.6079307193929002	805.1878439273896
[[0.14767394]]	1.4620987132817607	795.9955846358572
[[0.19569063]]	1.6255937649444576	1379.3914036670783
[[0.18683548]]	1.427368068853659	446.728491342421
[[0.1004824]]	1.3010753270625128	479.43843695635087
[[0.16817919]]	1.5968325670570496	548.4421862506813
[[0.34582496]]	1.8368762209876581	1728.7368760242184
[[0.28274854]]	1.6418093882325404	1125.1037545917932
[[0.13865703]]	1.308007225147095	396.8620283744566
[[0.11638114]]	1.4209361212792289	759.7468769597511
[[0.21323251]]	1.3088086439423954	683.4456246656086
[[0.13336188]]	1.4204979624051628	501.05135740228604
[[0.12957571]]	1.7329726486717554	1235.675016169008
[[0.12990154]]	1.6047887083216066	906.3345223263817
[[0.09991585]]	1.449167409075352	549.5163429661576
[[0.11574276]]	1.3406481887911899	569.3151232968592
[[0.17985145]]	1.4089148393497262	843.425018846422
[[0.16543599]]	1.6572666596232013	997.7921584647551
[[0.22309587]]	1.5162562736006082	801.0723858567212
[[0.10757817]]	1.3783111272226563	590.9671423725115
[[0.13503178]]	1.7541278578990949	1158.5086625471877
[[0.19392163]]	1.7865085476820992	1083.818702907514
[[0.3666307]]	1.600350945366323	1082.998627212848
[[0.12295828]]	1.4627203745902644	1006.5121824177046
[[0.13544884]]	1.5083488166553918	751.9705721682791
[[0.09894022]]	1.2941359390826472	718.8383581955436
[[0.08283043]]	1.4079448979105547	835.0914722286884
[[0.10765797]]	1.483738893228686	773.2891581551386
[[0.06803009]]	1.18866697865256	541.179428126181
[[0.10123453]]	1.5683484952951192	1118.674584140096
[[0.08680375]]	1.3128138654450754	667.0875689085574
[[0.11595643]]	1.4635386456499517	975.6947544285784
[[0.12526758]]	1.4902981690229302	424.88210070551617
[[0.14760077]]	1.5819501451293727	790.2534757215644
[[0.13018267]]	1.5166607279459	760.7410389507122
[[0.34395653]]	1.6587346790987045	997.3592906596807
[[0.14234089]]	1.5682155496538428	950.5941875750672
[[0.18030037]]	1.6924111207656987	1308.914586115977
[[0.14686396]]	1.4883751384089738	733.5291732184813
[[0.21239389]]	1.9296554263342192	1500.044607124707
[[0.10904532]]	1.50188878197365	946.7356376903135
[[0.13240576]]	1.6334487926226917	1126.343898708092
[[0.14574474]]	1.5041844348779443	984.8246134292096
[[0.14745371]]	1.4969360887176477	894.8262189928772
[[0.12763752]]	1.5209636727860865	892.806025199405
[[0.14395258]]	1.4409341416853172	454.5092706795365
[[0.22005301]]	1.703851935810755	1162.7631029074332
[[0.2384017]]	1.8405481421502368	1398.0348436904578
[[0.16731236]]	1.6174279066119714	1208.1318663751977
[[0.16928155]]	1.7186107744662593	1160.2885505044499
[[0.42445071]]	1.6842677321190622	1145.3466395414482
[[0.15433071]]	1.621326397106866	655.9177594104407
[[0.09195876]]	1.3139598194234017	551.5364227611896
[[0.13977304]]	1.5546120273457686	622.9027395583917
[[0.12507819]]	1.4010822813573416	695.4767154705352
[[0.16581858]]	1.5893726313550032	763.4605704573617
[[0.12264043]]	1.598925992788698	1066.6676938895293
[[0.19249185]]	1.7193841061542476	1300.2544548806743
[[0.24353169]]	1.7315814006229049	1566.7217235278126
[[0.13612118]]	1.568460843724367	1021.5252869081362
[[0.41663346]]	1.8547733257668149	1353.4582725351145
[[0.15496614]]	1.2108539209551576	774.2172408910996
[[0.13622616]]	1.6334600274656164	874.563839000282
[[0.25099919]]	1.6196336807728677	1031.0990899530414
[[0.20467952]]	1.8180990535127282	1223.170455135099
[[0.15641407]]	1.5049072097727711	492.6499129605806
[[0.14818472]]	1.7401105188766253	1259.080306214365
[[0.26585424]]	1.6982176620839833	1221.9205672101502
[[0.1523575]]	1.4240856222458056	1007.2221473308101
[[0.1024705]]	1.4415202259912259	950.8433894048108
[[0.12957175]]	1.4151913715970303	909.4615769158441
[[0.17091832]]	1.5943683915088835	1198.9108519629563
[[0.14056847]]	1.5847082990674033	1205.3722901294332
[[0.12662767]]	1.5694326576373594	770.3153958542609
[[0.12056823]]	1.4233853170368285	541.0824286313384
[[0.14040505]]	1.6881980546689104	1212.8913523688004
[[0.13734285]]	1.5639500542900724	1123.2563859157635
[[0.09702673]]	1.4356256784033639	672.7628639945766
[[0.15134376]]	1.42727631763644	949.5322289062194
[[0.11662329]]	1.474906434215997	585.1693638821679
[[0.12871263]]	1.5080847978466598	828.3784832188994
[[0.1585785]]	1.4517720201600774	977.5718381890268
[[0.41226755]]	1.6444570662151443	1220.7569902343848
[[0.11803254]]	1.5147938715465676	690.942420228422
[[0.22458848]]	1.7823928502239923	1455.5111974314254
[[0.11636702]]	1.3021576169309321	545.6493827431141
[[0.2079942]]	1.5439389265672383	1446.2271238786964
[[0.25108808]]	1.7737045716955044	1432.4642707091548
[[0.0970582]]	1.4090590198339275	849.7776766438805
[[0.25013465]]	1.6162763352121827	1362.181051322206
[[0.13943687]]	1.5867942349037687	1039.9452958954814
[[0.10568173]]	1.5323015017709989	676.9388797096088
[[0.12542641]]	1.560165784698246	642.089718958929
[[0.13617265]]	1.51576568545956	815.1149630969596
[[0.12827155]]	1.3345663938212484	452.12220482284795
[[0.07780637]]	1.448965181902706	716.4815312645328
[[0.0786173]]	1.4830891448128702	698.6980515609492
[[0.13100838]]	1.4150378287437253	760.6158343464338
[[0.10716003]]	1.2691121989415457	784.7874667726527
[[0.15218835]]	1.5817067235326694	573.413765649
[[0.11237473]]	1.5380050570291397	866.4826819132971
[[0.12014353]]	1.5655978312523717	656.2160172204798
[[0.11444604]]	1.3780002965684044	865.1580400674502
[[0.17466685]]	1.525884533987135	600.4427238264793
[[0.15635332]]	1.4473642167859264	439.23685328253947
[[0.18547611]]	1.4793816466476966	835.1862180857262
[[0.23454841]]	1.6586972296222886	1011.0768519246062
[[0.14041914]]	1.4632203251004168	426.8625264118506
[[0.17049677]]	1.3495312045970405	462.40790623717663
[[0.09940781]]	1.3250729515498187	660.526686388895
[[0.12960233]]	1.4711390168885579	825.5821498648988
[[0.15068553]]	1.433315045708503	352.7782379135013
[[0.08390263]]	1.4260198877026866	706.6105124656257
[[0.09128844]]	1.3886359478705188	574.8797006396387
[[0.22305669]]	1.4356668728274213	652.8031410008075
[[0.08010457]]	1.3251778100837834	629.2672909046879
[[0.32318723]]	1.3682409630144219	1002.7653143543608
[[0.14522565]]	1.4152494182854751	581.1275332032271
[[0.12722934]]	1.427604000555079	485.71713498763455
[[0.13926798]]	1.5730558944805975	580.6045090987931
[[0.15320295]]	1.7047263810850661	1186.2931111311213
[[0.114576]]	1.515164621363085	916.4126036062682
[[0.13165784]]	1.6610303320029989	1082.0960557503568
[[0.12978575]]	1.6100110378078032	1575.8107102404927
[[0.33162776]]	1.7625202855638973	1286.998895174565
[[0.32310399]]	1.5299440572306182	1386.228953275623
[[0.18232034]]	1.6563772345583239	1154.2123392116366
[[0.17140514]]	1.3018842357530962	744.9474882020168
[[0.08473602]]	1.5148294485491627	911.6590803682029
[[0.14217456]]	1.6082752545759265	960.7815415831482
[[0.14110559]]	1.4078437843242317	349.6372993612693
[[0.12016662]]	1.5384956451701879	793.9006512819726
[[0.28345558]]	1.4345134289538117	765.7043133456478
[[0.1571062]]	1.460271178832665	741.2405167012386
[[0.13385444]]	1.5146815231173199	825.5008900728221
[[0.10111726]]	1.604959103439299	848.6760131848333
[[0.1571402]]	1.5544715918092091	1021.9861091558336
[[0.18189043]]	1.5425607858351333	958.435629145108
[[0.20416509]]	1.4565786604580575	690.2495844130127
[[0.10622785]]	1.4557753691889366	629.2030116228689
[[0.20810978]]	1.5236375654021814	901.8579735568587
[[0.11631683]]	1.5575555561920582	779.8117218078428
[[0.15145456]]	1.4708787430274675	841.7768115358735
[[0.1411743]]	1.679852438849628	1110.9823669377488
[[0.41960254]]	1.5039728453361945	791.214754529948
[[0.1168269]]	1.4365900024210732	685.3946589568783
[[0.12406566]]	1.362219087206746	632.3669117978911
[[0.09809143]]	1.2728122072114363	740.993909382332
[[0.07658919]]	1.4045145258708585	860.0452222926338
[[0.13469584]]	1.4996867527603952	563.6029578591847
[[0.30675926]]	1.3376110362538607	838.0908259269493
[[0.10619468]]	1.3859470754638574	546.650053798457
[[0.19063705]]	1.5693933356871228	1234.3356575263726
[[0.137088]]	1.4349983996733977	891.2493656114177
[[0.26651666]]	1.4420875855589268	889.4579338317009
[[0.16082534]]	1.3947439574739513	709.0870978365094
[[0.17051732]]	1.5045402049038952	804.8847687198071
[[0.41744673]]	1.3447170744037769	621.0180461004971
[[0.19025161]]	1.5451148401266976	916.1866767723641
[[0.26792471]]	1.4237055100601843	1054.0655566328028
[[0.23054444]]	1.6392141395169189	1245.6337836723305
[[0.11292455]]	1.5037799805326526	800.141882926456
[[0.24736917]]	1.7694596735437627	1276.0724050133372
[[0.24831798]]	1.6420752795150932	974.9480411237023
[[0.18200802]]	1.589664737271047	771.9403569235219
[[0.09203708]]	1.5309439582509226	688.7460647852221
[[0.11692498]]	1.3925887401062165	711.3359212250093
[[0.20890257]]	1.482132310690444	1316.5057990933292
[[0.26494076]]	1.7008353804854546	1141.746295651975
[[0.14167262]]	1.382675863698929	860.3987910624015
[[0.20111732]]	1.4841452200477985	1034.1296206244083
[[0.12356162]]	1.6233224541998335	1144.9645938357326
[[0.14453961]]	1.3849621542341193	1182.1918982065843
[[0.10057973]]	1.5479516379652016	896.0588233581225
[[0.12702715]]	1.515666444347058	1039.2358637936188
[[0.16372737]]	1.4061229808829212	1089.4143181250645
[[0.13216831]]	1.286337085619037	830.7056710477714
[[0.11223216]]	1.4683789904767064	586.3965107232831
[[0.11543229]]	1.5244857960430014	802.1294944056013
[[0.12789621]]	1.226142669701947	614.6437642292657
[[0.1763303]]	1.724718784069692	1373.969608716596
[[0.17253672]]	1.3865855890367484	375.40121661020027
[[0.28842072]]	1.7830369812183458	1550.9592502698974
[[0.17113241]]	1.4323188896358403	749.1459341175998
[[0.085574]]	1.1893691563353581	428.3734830744886
[[0.19320269]]	1.4178615192654838	871.3258031510375
[[0.17528398]]	1.3750904722508892	428.50787879995715
[[0.16166698]]	1.4630312052445165	449.70169978725295
[[0.16170079]]	1.5220478351283266	931.7370246925577
[[0.32244096]]	1.479724309356902	674.1577480283507
[[0.14821815]]	1.3085670948195127	399.4938098110769
[[0.12359482]]	1.3258631355021941	538.1895554170135
[[0.17700167]]	1.3251216358691595	405.5935285160304
[[0.12211252]]	1.3290388511022622	569.1014129635813
[[0.1508805]]	1.4678640601759878	661.8534562006861
[[0.07665249]]	1.3615000572595606	611.8835724130706
[[0.10239752]]	1.2789951157677006	855.2448491751686
[[0.14043872]]	1.3204610485292012	536.5484500662969
[[0.11570481]]	1.4877422422575453	926.4903686283509
[[0.09121969]]	1.510627617295299	800.2317002051146
[[0.1464821]]	1.5050289205711227	785.4114125611683
[[0.0807128]]	1.2272979860493773	624.7595020547045
[[0.16549202]]	1.5226077048007443	504.14117635476293
[[0.18472719]]	1.6614628734556025	530.8479017985635
[[0.24068922]]	1.639888230092405	948.5145341074228
[[0.14807221]]	1.3792660888712616	422.2081683979542
[[0.11078048]]	1.5493653556999016	1001.5245596746948
[[0.15522489]]	1.5261373179529423	1261.090279196866
[[0.44257584]]	1.4715547060767742	687.9270383065636
[[0.42287454]]	1.5629164487409937	770.7339188479549
[[0.13569305]]	1.6413319074082378	629.6410542260072
[[0.15808453]]	1.6367218768614409	668.9015775277604
[[0.33074882]]	1.6763078459068637	1040.888446967192
[[0.29136535]]	1.6875483062530947	1139.6596502256787
[[0.22637343]]	1.523841665048648	713.5146120528001
[[0.15866674]]	1.6342895333682286	866.9044182087391
[[0.24849416]]	1.6256124896826654	927.8054320333587
[[0.09045628]]	1.3271944643887794	623.5476863210957
[[0.63916262]]	1.6084250524815902	1085.5424194882708
[[0.1722185]]	1.56446311211697	749.1647140387483
[[0.10530635]]	1.43726596547038	576.7447063919532
[[0.13051086]]	1.659423749464757	1013.337165486633
[[0.12752117]]	1.4508919574643038	593.280955795536
[[0.31027191]]	1.5564002398446277	864.2938929194393
[[0.1067733]]	1.592861050083144	954.175438512668
[[0.0915739]]	1.320517222743825	712.7814221516477
[[0.06422962]]	1.282341226485461	793.4850402554773
[[0.09800331]]	1.3758975084676517	803.710812354687
[[0.25649476]]	1.639996833574011	1296.264287356388
[[0.18753077]]	1.297388426109368	777.6279297928704
[[0.43006528]]	1.6039442226284282	1005.8639958296308
[[0.16103363]]	1.547438580138304	921.4642074096711
[[0.14086016]]	1.4508694877784543	1014.2887894204712
[[0.22258654]]	1.4259412438022132	852.1444594973066
[[0.14329625]]	1.3441197552549433	442.66346897192625
[[0.10194558]]	1.4689070280941705	775.8742388447487
[[0.09744452]]	1.4507702466659522	583.7195209853475
[[0.16038498]]	1.576581762685154	841.7756599214705
[[0.1250693]]	1.539463714135539	1202.9350717569769
[[0.12180932]]	1.646411928884054	834.0892003596574
[[0.11350844]]	1.5582333917151858	652.0866501306654
[[0.12666183]]	1.481465710010241	578.8012070188585
[[0.37068735]]	1.608052430191252	1184.3395738620447
[[0.3310301]]	1.755268194455959	1398.741506860103
[[0.13297124]]	1.380028185716325	340.71857595019316
[[0.19561155]]	1.5554340433530975	1388.33432138369
[[0.15146334]]	1.6648595409665243	1104.2298711982423
[[0.25504831]]	1.53442488708378	1030.241758451197
[[0.17036446]]	1.828154237930396	1317.3653509355279
[[0.11083453]]	1.5474516874550495	987.5772224070967
[[0.40001316]]	1.7307481497726511	1275.82323996323
[[0.38478045]]	1.648372408974426	1284.7137271742015
[[0.21617655]]	1.6757723183941162	1328.1073553942554
[[0.17258652]]	1.6321212086837482	1184.3775277742204
[[0.23800506]]	1.5932561420593316	1092.3157205272137
[[0.31693751]]	1.6742462522301684	1016.5311157793835
[[0.10543153]]	1.4517233358407367	904.8520615537435
[[0.21367725]]	1.5701797746918567	1034.0997927367944
[[0.16372206]]	1.8204471356840048	711.7866442797421
[[0.16868117]]	1.5133370869139893	951.0517346680999
[[0.12314287]]	1.4515491957754028	610.0318516913516
[[0.11475819]]	1.6173436452900356	1084.1422821822764
[[0.19075453]]	1.7131244261713308	1241.5052549718869
[[0.10612759]]	1.5681949524418142	853.6566457375435
[[0.09372972]]	1.3972324751817875	594.5102780247277
[[0.18881774]]	1.724254410562135	1273.0286305854934
[[0.10974814]]	1.4090571473601066	424.0420789556376
[[0.08988615]]	1.3846962629515664	789.8194413258553
[[0.10518238]]	1.2863520654096035	581.2867795300548
[[0.07568939]]	1.452049146285555	898.3433886302192
[[0.10916463]]	1.418151752707707	730.0575691873075
[[0.56106498]]	1.6475466480194556	1733.8508150640669
[[0.16446803]]	1.5121593008807093	558.9308036749161
[[0.11166152]]	1.4732380600416688	694.4259390717525
[[0.12608408]]	1.217710920086908	335.8998182333682
[[0.37242837]]	1.651658600529921	933.8837566924695
[[0.1932267]]	1.736616482727022	1316.954010213524
[[0.12438726]]	1.4137776538623303	882.3701675303565
[[0.10083599]]	1.4499650829230104	847.103390766742
[[0.15365352]]	1.5453601341972216	523.8783270639302
[[0.14080676]]	1.3505573202508359	502.4434555349266
[[0.10810895]]	1.5302942098351069	866.8831205154397
[[0.16365387]]	1.7726953083060961	706.038522249865
[[0.18389483]]	1.3345757561903524	710.4252551936253
[[0.17626962]]	1.5897452536453414	1006.0592502090265
[[0.11159892]]	1.3736692646209059	527.1603261921633
[[0.10339828]]	0.9794030493881762	546.740838114036
[[0.13113267]]	1.3130535420941372	474.66920646248303
[[0.21695311]]	1.7067411629162412	1127.6389649568634
[[0.77301515]]	1.146556914896706	367.5518148594969
[[0.16205793]]	1.4499575930277273	892.8018105105222
[[0.13743062]]	1.3936485602887863	515.2971296888563
[[0.14323137]]	1.2749299751027552	543.9519291476719
[[0.16792801]]	1.431436954466246	509.2917275480432
[[0.137497]]	1.6416783150650847	780.0129650642072
[[0.22591834]]	1.3768468526947948	974.9478446441786
[[0.09306981]]	1.433818741166297	880.0396831282999
[[0.25649233]]	1.416088286557191	1057.063243825423
[[0.14909264]]	1.4377677884543532	506.96954365819147
[[0.13100837]]	1.6085036963820636	1100.4265413838805
[[0.42913143]]	1.6190438515193173	1063.4949111050105
[[0.22949157]]	1.5166944324746743	1053.5324354976115
[[0.27742255]]	1.622723262577179	1188.8996917629433
[[0.39822943]]	1.6445432000109008	1422.6175944869544
[[0.24093501]]	1.6143064927527064	1138.0952896926808
[[0.23406144]]	1.6763527852785627	1245.4519453658752
[[0.15810872]]	1.723979156910478	963.6517586478061
[[0.11249711]]	1.2880241845315732	543.71543920501
[[0.0877111]]	1.165609336023293	674.6312757099196
[[0.19642873]]	1.640006195943115	1283.4308991194443
[[0.12420667]]	1.592295562989264	594.6445100264424
[[0.13541933]]	1.6439496258097088	662.0980753265484
[[0.28289599]]	1.7258329059930648	1052.9860499789709
[[0.10800768]]	1.3040900099139925	549.438744859638
[[0.38631136]]	1.6698627910156878	1324.5593569072723
[[0.47374808]]	1.8633136788634599	1618.5942755980261
[[0.11288108]]	1.2262362933929867	797.405269472146
[[0.12574496]]	1.593170008263575	972.5829613549168
[[0.1998077]]	1.533084195828091	632.050243210448
[[0.18622751]]	1.507955597153025	1304.2531639998945
[[0.12111979]]	1.406946869364071	562.5127315896415
[[0.09969512]]	1.370566575499849	728.3745689640913
[[0.09877527]]	1.556872103247468	1093.9452354318996
[[0.11529731]]	1.298747842103265	710.9301864859549
[[0.26406806]]	1.753178513671952	1139.6568266615375
[[0.44609547]]	1.540823130129436	1139.5147804309609
[[0.46915268]]	1.7498998120117404	1240.8828707090536
[[0.10686102]]	1.3046573694816932	531.4494667043612
[[0.29699806]]	1.3748227084945155	1093.5794158777023
[[0.42009656]]	1.6530479761049508	1160.685658056107
[[0.12606842]]	1.3315872879723638	404.98957667777654
[[0.31560437]]	1.3504693139812585	839.9140675401292
[[0.15714849]]	1.5444669641847026	728.7732449199943
[[0.11396038]]	1.309331064138397	313.28285866282494
[[0.09875982]]	1.5078601009881645	741.8972390958356
[[0.15598392]]	1.4308115482101005	519.183993174202
[[0.24017111]]	1.5995064596731445	1163.9945511727383
[[0.10614925]]	1.4897944735651363	677.6739481757775
[[0.24871069]]	1.5217538567384619	768.3763510143459
[[0.10772362]]	1.418305295561012	678.6872121771487
[[0.30085911]]	1.5884270320755018	1091.1247873876275
[[0.83881253]]	1.3071627394539167	704.9778661200754
[[0.51467823]]	1.2925799133375668	653.5425620847452
[[0.16368491]]	1.4944644232741986	958.4041927960387
[[0.28791628]]	3.9894608905304216	2535.6466583480737
[[0.46256703]]	1.591610237570853	1024.7825872268988
[[0.14738317]]	1.3398748571032015	898.6859756763257
[[0.16339961]]	1.3633818934494595	816.0445356107647
[[0.26081853]]	1.5327696202261976	956.3479997008382
[[0.10207688]]	1.3300387521225665	511.1820723836644
[[2.24313815]]	0.8027388893438295	144.89735865977474
[[0.26196711]]	1.746570553558367	1301.3842721763253
[[0.15150258]]	1.2848803009864587	751.3751258422735
[[0.10878938]]	1.3658254717855967	756.3717493723398
[[0.16596238]]	1.6680315116189506	1150.7769459570306
[[0.09452945]]	1.3812995954406446	838.7377412408912
[[0.08687114]]	1.4655927494313636	956.4695427756843
[[0.11082008]]	1.355446349396931	736.0212115673227
[[0.14870113]]	1.3344746426040295	405.45034709052794
[[0.2745563]]	1.758460762320414	1181.6439740302246
[[0.15377294]]	1.3920138906432324	888.9912103648451
[[0.08852959]]	1.337755216738062	600.7619739231402
[[0.08873474]]	1.4947958511404793	884.5611494804253
[[0.11949243]]	1.4495962055803138	884.428147741614
[[0.11743709]]	1.201367968579011	824.1245064663109
[[0.56512953]]	1.382921157769453	719.3206683917629
[[0.56669685]]	1.5647664528759389	989.4475354637796
[[0.10092917]]	1.2739974831399994	534.8284890883505
[[0.18697671]]	1.6592196498182903	1242.6685247520215
[[0.13640177]]	1.4185243749980452	975.5152015961929
[[0.10771161]]	1.3206857453876966	761.4713926333379
[[0.12096354]]	1.4951928155904877	626.1887499095396
[[0.11696801]]	1.3541094030888836	525.4789205688205
[[0.12728431]]	1.320865502874493	687.1298548382671
[[0.13206541]]	1.4515098738251662	1136.4444498084524
[[0.30769493]]	1.6992625024759869	1449.6529651588357
[[0.26818148]]	1.6364971800029455	1274.4214087925072
[[0.11313456]]	1.5643975755332422	1105.071269514138
[[0.29753643]]	1.6947816726228249	1220.4078552799247
[[0.1531138]]	1.4934514149371485	611.2185353292812
[[0.09662307]]	1.3151394779305026	514.1780864998929
[[0.13770187]]	1.3240168763148905	627.4584511547148
[[0.15331664]]	1.449457642517575	1044.4634707212638
[[0.46725658]]	1.7114822666304936	1323.0874471028349
[[0.30748225]]	1.7458627584541067	1392.6715447785994
[[0.3930969]]	1.7081455182818372	1405.6300680196505
[[0.20515562]]	1.5049221895633373	1031.830051762734
[[0.17013294]]	1.6118460621521822	1059.2707339925994
[[0.10003496]]	1.5858860851006833	781.075069769661
[[0.11472564]]	1.6100016754386994	656.5627879847817
[[0.1125729]]	1.5033886335041065	661.4314481043352
[[0.13919638]]	1.4849840883195145	612.8533891765345
[[0.10921925]]	1.5101988207903372	779.915813987371
[[0.13086233]]	1.7388784311025423	770.2470971623543
[[0.13241087]]	1.4282013197039125	506.49155000704707
[[0.14704]]	1.495370700603463	481.94397325676516
[[0.08254838]]	1.4511072919536951	574.2462565715014
[[0.13905182]]	1.261920026995873	267.79897842361333
[[0.14059075]]	1.5250980949824013	582.9221060234534
[[0.13253415]]	1.6847845348936015	574.3620712185574
[[0.14486784]]	2.1974959541345265	1238.001727251693
[[0.1613539]]	1.7387230157754163	609.9353787893341
[[0.13241824]]	2.0197232895882693	1023.389707494722
[[0.19930881]]	1.3566840545924765	494.2472296992484
[[0.17392017]]	2.7923172228911235	1279.8444066478164
[[0.1261338]]	1.739528179518358	610.6670163701398
[[0.1707978]]	1.3265840379232001	450.2075438019383
[[0.18205553]]	1.6501550040518227	806.0592178218485
[[0.1517285]]	2.456985248694089	1209.5819129976776
[[0.12314726]]	1.7078440499966894	820.2491024097396
[[0.2108536]]	1.6526191795999887	985.5505553143697
[[0.12594087]]	3.647897323457782	1790.474197391034
[[0.2926935]]	2.313975060630887	1057.4392527396028
[[0.12099067]]	1.3881116552006962	490.32791430404126
[[0.10784917]]	2.2634650793149476	1234.255072302964
[[0.06987852]]	1.6889189570899164	792.4408104105321
[[0.114223]]	1.552101039952083	458.55002538748965
[[0.15829258]]	2.3791858339138865	951.0178380101454
[[0.1178767]]	1.6078389681756813	601.2967311641784
[[0.09407798]]	1.6581336150022294	688.6805988910801
[[0.13745026]]	3.7731920367024445	1758.8528188072016
[[0.10815569]]	1.6882729536217422	708.0434286771705
[[0.12645131]]	2.2515973402387504	1109.3230901960465
[[0.14689395]]	2.049445066545745	864.075986385519
[[0.21998741]]	1.8897942036371398	1166.1829822779646
[[0.10920126]]	2.223118885898282	863.2097074739818
[[0.14593828]]	2.0248089284855477	950.4672115240182
[[0.1795592]]	3.0707147580930716	1364.3626653930896
[[0.14130204]]	2.4377156206042896	1052.2203731620525
[[0.10115657]]	1.856048480438776	794.0248920080464
[[0.11641105]]	2.158801282627802	866.3996602500337
[[0.11714864]]	2.0516676929710282	849.3128980433319
[[0.1155574]]	2.1843699126507548	847.2763030124835
[[0.17059827]]	2.609447684604663	1347.6774422284377
[[0.15105337]]	1.8288732678775812	725.6215668710054
[[0.14699818]]	1.844051540668944	631.0133511403415
[[0.15020409]]	2.2438078491442437	1010.2683120727374
[[0.18998447]]	1.6464924452583483	581.453736120461
[[0.17376596]]	2.625798126007843	1202.4124635449882
[[0.15526443]]	1.5258470845107193	458.5484140737175
[[0.18468289]]	3.273125433173347	1501.4962050312467
[[0.1765913]]	1.9676853696345613	870.0704620541591
[[0.16820468]]	2.892923368808607	1326.8145686746266
[[0.14436972]]	2.480891121964176	1215.3485319873912
[[0.10267236]]	1.9164507409499743	677.408107688701
[[0.09273419]]	1.6710761540515628	770.6647195321699
[[0.19057272]]	2.9648713028988256	1294.2427858768242
[[0.12308177]]	1.5774112685877661	557.6741038553893
[[0.12982857]]	1.4576178834285987	448.72316241794556
[[0.18295857]]	1.8031660747918896	935.6228822993554
[[0.18372775]]	1.5070081253997027	452.3143281035736
[[0.15537803]]	1.5784841960870815	515.7362985147657
[[0.15879873]]	1.6327990442068758	872.9689511231038
[[0.14732738]]	2.2346102577365	1091.9617821759439
[[0.29233663]]	1.9021506583805645	1368.718760730884
[[0.16615452]]	1.859344034363375	768.6719243305608
[[0.11116371]]	1.528786868409367	572.5385602057246
[[0.14191447]]	1.8946626355712062	711.4719572212264
[[0.09410227]]	1.6592308846612152	833.4622879132193
[[0.14485819]]	1.6889976009903898	578.7621161850392
[[0.18466652]]	1.720466396022667	1212.0516499294527
[[0.07738851]]	1.5847045541197617	634.3325820945439
[[0.17068724]]	1.5016828098533623	504.5628316255643
[[0.14724412]]	1.506405188829407	644.309916517215
[[0.16335608]]	1.4481038439451404	448.1873687593186
[[0.19772986]]	1.5308241199263917	448.56977917417004
[[0.17245395]]	1.674588914939374	618.7889865987333
[[0.19427695]]	1.5585460948432586	506.14469184180064
[[0.1823703]]	1.3865481395603325	453.5627137022816
[[0.1415968]]	1.6756206480146318	777.0629685314665
[[0.14282498]]	1.6252267600755816	521.4775415597634
[[0.27195969]]	2.279946593885583	1304.18570308809
[[0.20536571]]	1.5861426140141321	831.0928703770651
[[0.19736642]]	2.406377898739468	1009.3696950196577
[[0.17502059]]	1.5558179004863606	507.202044682583
[[0.1610867]]	1.8083060154299713	748.2845399242451
[[0.15941741]]	2.020090294457145	818.3990527414427
[[0.12892927]]	2.3137522362462124	867.5710792348212
[[0.16531901]]	2.4623386513477414	1183.5368250187123
[[0.19111086]]	2.4044586130731536	1222.6295996347105
[[0.17412525]]	2.1908280748586764	1072.0305710896102
[[0.11934196]]	1.8179773427143764	842.2454735461462
[[0.21301966]]	2.416820685238041	1236.6473128715859
[[0.25129239]]	3.0322784879736173	1543.6735224725016
[[0.20347737]]	2.2685825502671797	1057.5793035342165
[[0.1221141]]	1.8147023860018063	850.0323302581193
[[0.22679286]]	2.1128545200131397	1121.7076386458455
[[0.28117861]]	1.9998357451376079	1206.5044141223543
[[0.20603336]]	2.128298684087055	1121.652216250524
[[0.1536208]]	1.9783285108319588	833.2243937762942
[[0.17359794]]	1.8808475237213822	859.5969161849523
[[0.2089676]]	2.1818813949429186	1135.5406589393972
[[0.22579299]]	2.3402159087555052	1291.9360171198718
[[0.1031387]]	1.4925357752387798	1034.3732690140064
[[0.15288288]]	1.5473505738687265	646.1621070194161
[[0.1437681]]	2.3925983638922395	993.2571807637162
[[0.11534267]]	1.876990227650545	821.0355305390696
[[0.16950305]]	2.1110588176189973	1002.2519653878229
[[0.11791006]]	1.668127007783811	716.4655493182461
[[0.14816281]]	1.6623897479968959	678.9001591930281
[[0.12826531]]	1.6155685401079223	727.5841686103746
[[0.16104811]]	1.7608256967560778	892.7269797796707
[[0.1792058]]	2.7074323671730336	1418.360196950384
[[0.16635232]]	2.7936616590944543	1318.1583612720178
[[0.17256086]]	1.470416241993731	553.643050415534
[[0.16596622]]	2.455329981836506	1223.594644595967
[[0.22593785]]	1.6036127947621475	766.7413431601917
[[0.26822457]]	2.1022638080827245	939.4763541789173
[[0.14473572]]	1.6251406262798251	657.3246786917728
[[0.17102459]]	1.6975042495582606	1037.404277100502
[[0.16965756]]	1.4845253322334198	527.261839311563
[[0.12751226]]	1.510620127400016	684.6871368339
[[0.17327759]]	1.6211803441488442	566.0524878002534
[[0.1831969]]	1.5820362789251292	605.8219478614885
[[0.18553566]]	1.528431098383416	667.4146389451997
[[0.19232186]]	1.5239970803757739	599.6925140786198
[[0.16697856]]	1.5847963053369807	626.7892178035928
[[0.18426251]]	1.5121293412995767	643.7875049356443
[[0.13279004]]	2.3839456623663464	1084.0466238166753
[[0.15194253]]	3.0993842047632607	1545.8748680363103
[[0.20431042]]	1.8041715932336564	1192.0427942897393
[[0.17582296]]	1.5289759882652671	596.7463145851569
[[0.17434555]]	1.6406709241494972	602.3556225206778
[[0.16628282]]	1.51642479624448	560.924518879869
